Name	Position	Team	GP	G	A	PTS	+/-	PIM	PPG	PPA	SHG	SHA	SOG	DS	GWG	OTG	First	Insurance	SOGP	SO/G	ATT	SOWG	SO%	FOA	FOW	FO%	PTS/G	PIM/G
Troy Brouwer	RW	M.J	72	49	53	102	37	122	12	17	6	1	24	0	9	0	11	4	6	0	6	0	0.0	0	0	0.0	1.42	1.69
Adam Cracknell	RW	KTN	72	42	51	93	29	85	12	21	3	0	16	0	7	0	5	8	2	0	2	0	0.0	0	0	0.0	1.29	1.18
Ian McDonald	C	TRI	71	37	55	92	9	16	14	33	6	0	9	0	5	1	8	6	8	5	8	2	62.5	0	0	0.0	1.3	0.23
Dustin Boyd	C	M.J	64	48	42	90	27	34	12	16	3	1	24	0	8	0	10	2	6	4	6	3	66.7	0	0	0.0	1.41	0.53
Justin Keller	LW	KEL	72	51	37	88	12	82	21	20	3	1	18	0	10	2	7	5	6	2	6	2	33.3	0	0	0.0	1.22	1.14
Blair Jones	C	M.J	72	35	50	85	26	85	14	12	2	4	13	0	5	1	6	4	1	0	1	0	0.0	0	0	0.0	1.18	1.18
Devin Setoguchi	RW	SAS	65	36	47	83	17	69	11	12	3	4	14	0	6	1	7	2	6	2	6	0	33.3	0	0	0.0	1.28	1.06
Darren Helm	LW	M.H	70	41	38	79	18	39	11	15	4	1	15	0	7	0	8	10	3	0	3	0	0.0	0	0	0.0	1.13	0.56
John Lammers	LW	EVT	70	38	37	75	16	25	16	22	4	0	13	0	7	0	11	5	5	1	5	0	20.0	0	0	0.0	1.07	0.36
Ryan Russell	C	KTN	72	33	42	75	17	30	14	17	1	1	16	0	7	0	6	6	5	1	5	0	20.0	0	0	0.0	1.04	0.42
Chad Klassen	C	SAS	68	27	48	75	1	61	8	21	2	1	8	0	3	0	2	1	9	5	9	0	55.6	0	0	0.0	1.1	0.9
Colton Yellow Horn	LW	LET	67	25	50	75	6	63	8	22	4	1	10	0	4	1	1	1	7	3	7	0	42.9	0	0	0.0	1.12	0.94
Blake Comeau	RW	KEL	60	21	53	74	15	85	7	28	1	1	10	0	5	0	2	5	5	0	5	0	0.0	0	0	0.0	1.23	1.42
Eric Hunter	C	P.G	71	40	32	72	11	125	13	19	5	2	15	0	9	0	7	4	9	4	9	2	44.4	0	0	0.0	1.01	1.76
Kenndal McArdle	LW	M.J	72	28	43	71	23	135	8	11	2	2	12	0	4	0	4	5	4	1	4	1	25.0	0	0	0.0	0.99	1.88
Mitch Bartley	LW	VAN	71	31	36	67	26	44	10	20	3	1	13	0	4	0	7	9	5	1	5	0	20.0	0	0	0.0	0.94	0.62
Brandon Dubinsky	C	POR	51	21	46	67	12	98	9	21	1	2	14	0	3	0	1	6	8	2	8	0	25.0	0	0	0.0	1.31	1.92
Ashton Rome	RW	KAM	65	30	34	64	5	130	11	13	3	2	16	0	3	0	3	4	7	4	7	3	57.1	0	0	0.0	0.98	2.0
Jannik Hansen	RW	POR	64	24	40	64	2	67	7	22	2	0	13	0	0	0	3	0	9	4	9	4	44.4	0	0	0.0	1.0	1.05
Nick Drazenovic	C	P.G	71	30	33	63	1	51	12	15	2	0	10	0	5	0	5	5	5	2	5	1	40.0	0	0	0.0	0.89	0.72
Aaron Bader	LW	SAS	69	24	39	63	9	41	8	9	0	2	11	0	3	0	5	1	2	1	2	0	50.0	0	0	0.0	0.91	0.59
Paul Albers	D	VAN	70	17	45	62	38	33	13	23	2	2	5	0	3	0	3	1	3	0	3	0	0.0	0	0	0.0	0.89	0.47
Codey Burki	C	BRN	70	27	34	61	5	69	5	9	0	2	8	0	3	1	1	3	6	1	6	1	16.7	0	0	0.0	0.87	0.99
Derek Ryan	C	SPO	72	24	37	61	-6	50	5	15	1	1	9	0	2	0	2	2	7	4	7	1	57.1	0	0	0.0	0.85	0.69
Ben Maxwell	C	KTN	69	28	32	60	17	52	10	10	1	0	13	0	4	0	7	0	4	2	4	2	50.0	0	0	0.0	0.87	0.75
Zach Hamill	C	EVT	53	21	38	59	18	28	9	22	1	3	5	0	5	0	1	3	8	6	8	3	75.0	0	0	0.0	1.11	0.53
Shaun Heshka	D	EVT	66	10	49	59	-3	91	6	34	1	0	5	0	2	0	3	2	3	1	3	0	33.3	0	0	0.0	0.89	1.38
Petr Kalus	RW	REG	60	36	22	58	-3	87	15	7	0	0	17	0	5	1	7	0	9	3	9	1	33.3	0	0	0.0	0.97	1.45
Jason Beeman	RW	TRI	60	28	30	58	-7	115	17	20	0	0	10	0	3	0	4	1	5	2	5	2	40.0	0	0	0.0	0.97	1.92
Jonathan Bubnick	RW	POR	69	27	31	58	-13	56	17	13	0	0	14	0	4	1	3	1	6	3	6	1	50.0	0	0	0.0	0.84	0.81
Peter Mueller	C	EVT	52	26	32	58	4	44	9	18	2	2	11	0	4	0	4	4	8	4	8	2	50.0	0	0	0.0	1.12	0.85
Garrett Festerling	C	REG	72	22	36	58	12	51	5	11	2	0	9	0	4	1	2	4	5	3	5	2	60.0	0	0	0.0	0.81	0.71
Matt Robinson	C	REG	69	35	22	57	2	97	10	5	6	0	9	0	8	1	6	1	6	2	6	1	33.3	0	0	0.0	0.83	1.41
Dale Mahovsky	C	KTN	69	22	35	57	10	90	7	15	2	2	11	0	3	0	4	4	5	2	5	0	40.0	0	0	0.0	0.83	1.3
Riley Holzapfel	C	M.J	64	19	38	57	35	46	3	6	0	0	5	0	0	0	1	6	2	1	2	0	50.0	0	0	0.0	0.89	0.72
Wacey Rabbit	C	SAS	64	28	28	56	12	45	11	7	8	2	10	0	6	0	3	5	10	6	10	4	60.0	0	0	0.0	0.88	0.7
Kyle Ross	C	REG	69	25	31	56	6	58	10	16	0	3	7	0	3	0	1	5	2	0	2	0	0.0	0	0	0.0	0.81	0.84
Kyle Chipchura	C	P.A	59	21	34	55	-7	81	4	16	4	1	6	0	3	0	1	3	12	3	12	0	25.0	0	0	0.0	0.93	1.37
Zdenek Bahensky	RW	SAS	65	19	36	55	13	76	5	17	2	4	11	0	2	0	2	2	3	0	3	0	0.0	0	0	0.0	0.85	1.17
Bjorn Svensson	RW	M.J	62	17	38	55	20	20	3	17	1	1	5	0	2	0	3	1	3	1	3	0	33.3	0	0	0.0	0.89	0.32
Cody Franson	D	VAN	71	15	40	55	18	61	9	31	2	0	6	0	3	1	2	3	1	1	1	0	100.0	0	0	0.0	0.77	0.86
Mike Card	D	KEL	64	12	43	55	16	103	7	34	0	1	6	0	1	1	2	3	1	0	1	0	0.0	0	0	0.0	0.86	1.61
Roman Psurny	LW	M.H	66	24	30	54	13	54	12	17	0	0	13	0	3	0	7	0	4	2	4	2	50.0	0	0	0.0	0.82	0.82
Tim Kraus	C	VAN	52	21	33	54	32	59	11	12	2	0	13	0	1	0	5	4	6	1	6	1	16.7	0	0	0.0	1.04	1.13
Brodie Dupont	C	CGY	72	30	23	53	6	123	14	9	0	0	6	0	5	0	5	0	4	1	4	1	25.0	0	0	0.0	0.74	1.71
Troy Bodie	RW	KEL	72	28	25	53	12	117	11	6	1	0	13	0	6	0	7	2	2	0	2	0	0.0	0	0	0.0	0.74	1.63
Mark Derlago	LW	BRN	72	28	25	53	10	47	9	6	0	0	8	0	5	1	2	2	9	6	9	1	66.7	0	0	0.0	0.74	0.65
Ned Lukacevic	LW	S.C	63	25	28	53	-22	71	10	10	3	1	11	0	1	1	7	0	5	1	5	0	20.0	0	0	0.0	0.84	1.13
Ryan White	C	CGY	72	20	33	53	10	121	10	15	0	0	5	0	2	0	3	4	7	2	7	0	28.6	0	0	0.0	0.74	1.68
Kyle Bailey	C	POR	66	18	35	53	-5	145	6	12	1	0	7	0	6	1	1	2	2	0	2	0	0.0	0	0	0.0	0.8	2.2
Alexander Edler	D	KEL	62	13	40	53	21	44	5	23	1	0	5	0	1	0	3	1	1	0	1	0	0.0	0	0	0.0	0.85	0.71
Logan Stephenson	D	TRI	71	10	43	53	5	162	5	25	0	1	4	0	2	0	3	1	0	0	0	0	0.0	0	0	0.0	0.75	2.28
Joe Barnes	C	SAS	55	25	27	52	11	55	4	8	2	0	11	0	2	0	5	3	9	3	9	1	33.3	0	0	0.0	0.95	1.0
Michal Repik	LW	VAN	69	24	28	52	19	55	8	14	1	0	14	0	7	0	7	3	3	0	3	0	0.0	0	0	0.0	0.75	0.8
Denis Tolpeko	C	REG	53	20	31	51	3	66	6	10	0	1	13	0	3	0	4	2	5	2	5	1	40.0	0	0	0.0	0.96	1.25
Jared Walker	LW	P.G	73	19	32	51	0	80	7	18	2	1	6	0	3	0	3	2	3	1	3	1	33.3	0	0	0.0	0.7	1.1
Zach Boychuk	C	LET	64	18	33	51	3	30	9	11	0	1	7	0	1	0	4	0	3	1	3	0	33.3	0	0	0.0	0.8	0.47
Colin Patterson	C	P.G	71	18	33	51	15	80	10	9	0	0	8	0	4	0	8	0	9	5	9	1	55.6	0	0	0.0	0.72	1.13
Michael Grabner	RW	SPO	67	36	14	50	-2	28	5	4	3	0	9	0	3	0	3	2	4	1	4	1	25.0	0	0	0.0	0.75	0.42
Brian Woolger	LW	POR	68	23	27	50	-9	85	11	13	1	1	14	0	1	0	6	2	6	2	6	0	33.3	0	0	0.0	0.74	1.25
Adam Hobson	C	SPO	72	23	27	50	-9	124	7	6	3	3	8	0	1	0	3	1	2	0	2	0	0.0	0	0	0.0	0.69	1.72
Casey Lee	LW	KTN	68	20	30	50	8	117	7	10	1	3	8	0	4	0	5	3	0	0	0	0	0.0	0	0	0.0	0.74	1.72
Mike Hellyer	RW	P.A	72	18	32	50	-8	56	5	12	0	0	7	0	2	0	6	0	5	2	5	1	40.0	0	0	0.0	0.69	0.78
Brett Sutter	C	RDR	73	17	33	50	-13	101	7	12	0	2	11	0	3	0	4	0	1	0	1	0	0.0	0	0	0.0	0.68	1.38
Derek Dorsett	RW	M.H	68	25	23	48	14	279	8	8	4	0	6	0	3	0	3	5	4	0	4	0	0.0	0	0	0.0	0.71	4.1
Roman Wick	LW	LET	61	21	27	48	-19	28	7	11	0	0	5	0	3	0	1	0	7	3	7	1	42.9	0	0	0.0	0.79	0.46
Dane Byers	LW	P.A	71	21	27	48	-6	157	9	12	0	2	9	0	3	0	4	2	1	1	1	1	100.0	0	0	0.0	0.68	2.21
Mitch Fadden	C	LET	68	20	28	48	-3	41	4	9	1	0	7	0	2	1	3	2	6	1	6	0	16.7	0	0	0.0	0.71	0.6
Torrie Wheat	RW	EVT	43	16	32	48	5	28	12	18	0	2	7	0	2	0	4	3	0	0	0	0	0.0	0	0	0.0	1.12	0.65
Kris Versteeg	LW	RDR	71	16	32	48	-6	127	5	12	0	1	10	0	1	1	3	2	4	1	4	1	25.0	0	0	0.0	0.68	1.79
Brett Robertson	C	M.H	66	22	25	47	4	76	11	13	0	0	9	0	4	0	6	3	4	0	4	0	0.0	0	0	0.0	0.71	1.15
Kevin Undershute	LW	M.H	67	20	27	47	9	63	8	12	1	1	10	0	4	0	3	5	0	0	0	0	0.0	0	0	0.0	0.7	0.94
Kris Russell	D	M.H	55	14	33	47	8	18	6	20	1	1	6	0	3	0	0	2	0	0	0	0	0.0	0	0	0.0	0.85	0.33
Michael Funk	D	POR	70	11	36	47	-8	88	3	22	0	0	4	0	1	0	2	0	1	1	1	1	100.0	0	0	0.0	0.67	1.26
Chris Ray	C	KEL	71	24	22	46	5	27	6	9	0	0	8	0	5	2	2	4	1	1	1	1	100.0	0	0	0.0	0.65	0.38
Curtis Billsten	RW	KTN	65	22	24	46	10	83	5	6	2	0	12	0	4	1	4	2	1	0	1	0	0.0	0	0	0.0	0.71	1.28
Brandon Sutter	C	RDR	68	22	24	46	-7	36	8	11	3	0	6	0	3	0	2	2	4	1	4	1	25.0	0	0	0.0	0.68	0.53
Marc Desloges	LW	S.C	72	20	26	46	-27	28	6	13	0	1	2	0	3	0	5	1	7	1	7	1	14.3	0	0	0.0	0.64	0.39
Brock Nixon	C	KAM	72	26	19	45	9	35	10	7	2	1	7	0	6	0	5	6	2	0	2	0	0.0	0	0	0.0	0.63	0.49
Aaron Gagnon	C	SEA	62	24	21	45	8	40	8	10	1	1	3	0	2	0	6	1	5	2	5	1	40.0	0	0	0.0	0.73	0.65
Spencer Machacek	RW	VAN	70	23	22	45	14	53	8	10	1	0	4	0	4	0	6	3	1	0	1	0	0.0	0	0	0.0	0.64	0.76
Juraj Gracik	RW	TRI	53	22	23	45	1	36	10	11	1	2	10	0	4	0	5	3	6	4	6	1	66.7	0	0	0.0	0.85	0.68
Steve DaSilva	RW	KTN	68	21	24	45	11	62	8	7	1	1	10	0	4	0	2	3	0	0	0	0	0.0	0	0	0.0	0.66	0.91
Kyle Pess	C	SEA	65	20	25	45	8	55	7	8	0	1	7	0	2	0	5	2	5	3	5	1	60.0	0	0	0.0	0.69	0.85
T.J. Mulock	RW	KAM	59	16	29	45	-2	37	10	10	0	0	3	0	1	0	5	2	4	0	4	0	0.0	0	0	0.0	0.76	0.63
Logan Pyett	D	REG	71	10	35	45	-14	89	3	21	0	1	4	0	1	0	1	0	0	0	0	0	0.0	0	0	0.0	0.63	1.25
Daine Todd	C	M.H	59	14	30	44	14	36	4	18	0	1	2	0	2	0	2	1	9	5	9	3	55.6	0	0	0.0	0.75	0.61
David Schlemko	D	M.H	69	9	35	44	17	44	6	26	0	0	4	0	0	0	3	0	10	4	10	0	40.0	0	0	0.0	0.64	0.64
Reid Jorgensen	C	KAM	55	24	19	43	11	61	8	8	1	3	11	0	6	0	5	3	5	1	5	1	20.0	0	0	0.0	0.78	1.11
Fredrik Pettersson	LW	CGY	59	22	21	43	15	47	8	8	0	0	13	0	5	1	7	3	9	4	9	3	44.4	0	0	0.0	0.73	0.8
Teegan Moore	LW	BRN	68	20	23	43	9	52	2	7	0	0	6	0	1	0	3	0	3	1	3	0	33.3	0	0	0.0	0.63	0.76
Chris Stevens	LW	M.H	72	19	24	43	14	91	6	7	1	0	7	0	5	0	4	2	1	0	1	0	0.0	0	0	0.0	0.6	1.26
Tyler Dittmer	LW	BRN	70	18	25	43	1	24	3	12	0	0	2	0	5	1	3	2	8	4	8	1	50.0	0	0	0.0	0.61	0.34
Ladislav Scurko	C	SEA	64	17	26	43	6	41	9	6	0	3	8	0	3	0	2	2	2	0	2	0	0.0	0	0	0.0	0.67	0.64
Michael Busto	D	KTN	69	8	35	43	24	77	1	20	1	2	3	0	3	2	2	0	1	0	1	0	0.0	0	0	0.0	0.62	1.12
Kyle Lamb	RW	VAN	72	26	16	42	23	74	5	5	2	2	11	0	4	0	4	2	2	0	2	0	0.0	0	0	0.0	0.58	1.03
Roman Tomanek	LW	SEA	54	17	25	42	6	35	6	15	0	0	7	0	5	1	4	0	6	2	6	1	33.3	0	0	0.0	0.78	0.65
Kyle Deck	D	REG	62	4	38	42	-1	96	3	17	0	0	1	0	0	0	0	0	0	0	0	0	0.0	0	0	0.0	0.68	1.55
Justin McCrae	C	SAS	71	17	24	41	-9	58	3	9	3	1	7	0	2	0	4	2	2	0	2	0	0.0	0	0	0.0	0.58	0.82
Kris Hogg	LW	LET	71	20	20	40	-19	142	4	8	1	1	8	0	5	0	3	2	0	0	0	0	0.0	0	0	0.0	0.56	2.0
Jordan Knackstedt	RW	RDR	72	12	28	40	-2	36	1	6	2	0	2	0	2	0	0	0	5	2	5	1	40.0	0	0	0.0	0.56	0.5
Brett Carson	D	CGY	72	11	29	40	13	62	7	17	0	2	5	0	4	0	2	2	4	2	4	2	50.0	0	0	0.0	0.56	0.86
Jeff Schultz	D	CGY	68	7	33	40	20	36	4	18	0	1	1	0	2	0	1	1	0	0	0	0	0.0	0	0	0.0	0.59	0.53
Mark Olafson	RW	LET	60	18	21	39	-25	86	8	10	1	1	3	0	3	0	6	0	1	0	1	0	0.0	0	0	0.0	0.65	1.43
Daniel Rakos	C	S.C	70	16	23	39	-14	85	8	6	1	1	1	0	3	0	4	1	12	4	12	2	33.3	0	0	0.0	0.56	1.21
Matt Schneider	C	TRI	58	25	13	38	-8	46	7	2	3	0	8	0	2	0	3	2	0	0	0	0	0.0	0	0	0.0	0.66	0.79
Gilbert Brule	C	VAN	27	23	15	38	5	40	7	8	0	0	0	0	7	0	5	4	3	2	3	1	66.7	0	0	0.0	1.41	1.48
Levi Nelson	C	S.C	63	21	17	38	-17	63	7	8	0	0	8	0	3	1	3	1	5	1	5	0	20.0	0	0	0.0	0.6	1.0
Derek LeBlanc	C	CGY	67	17	21	38	9	74	5	4	2	0	11	0	2	0	5	2	4	1	4	1	25.0	0	0	0.0	0.57	1.1
Raymond Macias	D	KAM	68	12	26	38	0	34	3	10	0	0	4	0	2	0	2	0	1	0	1	0	0.0	0	0	0.0	0.56	0.5
Sami Sandell	LW	BRN	54	11	27	38	4	38	1	4	1	0	1	0	2	0	3	2	1	0	1	0	0.0	0	0	0.0	0.7	0.7
Jesse Zetariuk	D	M.J	72	7	31	38	20	113	4	15	1	1	3	0	0	0	0	0	0	0	0	0	0.0	0	0	0.0	0.53	1.57
Steven Gillen	C	M.J	71	15	22	37	-1	57	3	7	0	2	8	0	2	0	3	3	1	0	1	0	0.0	0	0	0.0	0.52	0.8
Stanislav Balan	LW	POR	67	14	23	37	-12	102	3	9	0	0	5	0	2	0	4	1	3	0	3	0	0.0	0	0	0.0	0.55	1.52
J.D. Watt	RW	VAN	58	8	29	37	8	199	2	10	0	0	2	0	2	0	2	0	1	1	1	0	100.0	0	0	0.0	0.64	3.43
Ty Wishart	D	P.G	70	5	32	37	12	68	3	22	0	0	2	0	0	0	0	0	0	0	0	0	0.0	0	0	0.0	0.53	0.97
A. J. Thelen	D	P.A	72	13	23	36	-30	79	7	18	0	1	4	0	1	0	2	0	1	0	1	0	0.0	0	0	0.0	0.5	1.1
Ondrej Fiala	C	EVT	51	21	14	35	4	26	11	9	1	0	1	0	4	0	1	4	1	0	1	0	0.0	0	0	0.0	0.69	0.51
Aki Seitsonen	C	P.A	66	20	15	35	-14	22	10	10	1	0	7	0	4	2	3	2	14	5	14	4	35.7	0	0	0.0	0.53	0.33
Bud Holloway	C	SEA	72	21	13	34	8	18	5	2	3	0	4	0	5	2	2	2	8	4	8	1	50.0	0	0	0.0	0.47	0.25
Drayson Bowman	LW	SPO	72	17	17	34	-10	51	4	3	1	0	7	0	2	0	4	1	3	0	3	0	0.0	0	0	0.0	0.47	0.71
Chris Durand	C	SEA	71	14	20	34	-3	105	2	2	2	0	5	0	3	1	2	1	5	3	5	1	60.0	0	0	0.0	0.48	1.48
Ian Duval	C	REG	64	11	23	34	-3	25	3	4	0	0	2	0	3	1	1	0	0	0	0	0	0.0	0	0	0.0	0.53	0.39
Kyle Fecho	D	M.J	65	4	30	34	26	61	0	13	1	4	0	0	0	0	0	0	0	0	0	0	0.0	0	0	0.0	0.52	0.94
Keegan Dansereau	RW	CGY	60	16	17	33	18	31	1	4	0	0	4	0	2	0	3	5	4	1	4	0	25.0	0	0	0.0	0.55	0.52
Lauris Darzins	LW	KEL	47	13	20	33	6	26	8	10	0	0	0	0	2	0	2	5	2	1	2	0	50.0	0	0	0.0	0.7	0.55
Brady Calla	RW	EVT	66	8	25	33	7	52	3	3	0	0	6	0	1	0	1	1	0	0	0	0	0.0	0	0	0.0	0.5	0.79
Craig Schira	D	REG	71	5	28	33	-3	72	3	14	0	0	2	0	2	0	0	0	0	0	0	0	0.0	0	0	0.0	0.46	1.01
Chad Greenan	D	KTN	66	4	29	33	23	68	1	13	0	0	1	0	0	0	0	1	0	0	0	0	0.0	0	0	0.0	0.5	1.03
Myles Zimmer	C	P.G	69	20	12	32	-11	180	7	4	2	0	7	0	2	0	5	0	0	0	0	0	0.0	0	0	0.0	0.46	2.61
Cam Cunning	LW	RDR	40	19	13	32	7	52	6	4	0	1	0	0	3	2	2	2	1	0	1	0	0.0	0	0	0.0	0.8	1.3
Jeremy Schenderling	C	S.C	59	19	13	32	-22	74	8	6	3	0	15	0	2	0	5	2	3	0	3	0	0.0	0	0	0.0	0.54	1.25
Riley Merkley	C	CGY	59	12	20	32	9	54	5	9	0	1	6	0	0	0	7	0	10	5	10	1	50.0	0	0	0.0	0.54	0.92
Brent Howarth	LW	KEL	68	12	19	31	4	116	2	5	1	0	6	0	3	0	4	0	0	0	0	0	0.0	0	0	0.0	0.46	1.71
Michael Sauer	D	POR	59	8	23	31	-1	68	4	7	0	0	3	0	1	0	2	1	0	0	0	0	0.0	0	0	0.0	0.53	1.15
Tomas Kudelka	D	LET	64	6	25	31	-2	77	0	12	1	1	4	0	1	1	1	0	0	0	0	0	0.0	0	0	0.0	0.48	1.2
Roman Teslyuk	D	KAM	72	14	16	30	9	109	7	9	0	0	8	0	3	0	5	1	0	0	0	0	0.0	0	0	0.0	0.42	1.51
Luke Hunter	C	S.C	64	13	17	30	-27	58	3	7	1	1	6	0	1	0	2	1	4	1	4	1	25.0	0	0	0.0	0.47	0.91
Brennen Wray	C	M.J	70	12	18	30	-2	91	5	4	0	1	7	0	3	0	2	1	0	0	0	0	0.0	0	0	0.0	0.43	1.3
Evan Haw	D	SPO	65	10	20	30	0	117	4	12	1	2	7	0	0	0	1	2	0	0	0	0	0.0	0	0	0.0	0.46	1.8
Devin Featherstone	D	P.G	72	7	23	30	-6	135	4	15	1	1	3	0	1	0	1	2	0	0	0	0	0.0	0	0	0.0	0.42	1.88
Kyle Cumiskey	D	KEL	51	6	24	30	15	52	5	16	0	0	0	0	2	0	1	0	0	0	0	0	0.0	0	0	0.0	0.59	1.02
Jeff May	D	P.A	72	2	28	30	-26	104	2	16	0	1	2	0	0	0	0	0	2	0	2	0	0.0	0	0	0.0	0.42	1.44
Ryan Gibbons	RW	SEA	64	20	9	29	-6	110	5	4	0	0	10	0	4	0	3	2	1	0	1	0	0.0	0	0	0.0	0.45	1.72
Moises Gutierrez	RW	KAM	66	15	14	29	11	119	3	4	2	0	4	0	3	0	0	3	0	0	0	0	0.0	0	0	0.0	0.44	1.8
Mark Fistric	D	VAN	60	7	22	29	30	148	1	3	0	1	0	0	0	0	1	3	0	0	0	0	0.0	0	0	0.0	0.48	2.47
Daryl Boyle	D	BRN	72	7	22	29	10	51	2	8	1	0	3	0	1	0	3	1	1	1	1	0	100.0	0	0	0.0	0.4	0.71
Marek Curilla	C	M.H	62	6	23	29	-4	40	2	8	0	0	3	0	0	0	1	1	0	0	0	0	0.0	0	0	0.0	0.47	0.65
Joe Logan	D	SAS	65	6	23	29	1	75	6	15	0	1	1	0	0	0	1	1	3	1	3	1	33.3	0	0	0.0	0.45	1.15
Igor Bacek	LW	TRI	64	5	24	29	-10	64	1	10	0	0	2	0	1	0	0	1	2	0	2	0	0.0	0	0	0.0	0.45	1.0
Dustin Kohn	D	BRN	69	4	25	29	13	50	2	12	0	2	1	0	0	0	2	0	1	0	1	0	0.0	0	0	0.0	0.42	0.72
Ryan Reaves	RW	BRN	68	14	14	28	-3	91	2	1	0	0	7	0	1	0	2	2	0	0	0	0	0.0	0	0	0.0	0.41	1.34
Clayton Bauer	C	KEL	69	14	14	28	6	123	2	3	0	0	7	0	0	0	2	3	0	0	0	0	0.0	0	0	0.0	0.41	1.78
Brad Erickson	C	SPO	75	13	15	28	-13	52	7	5	2	0	6	0	4	0	3	0	6	0	6	0	0.0	0	0	0.0	0.37	0.69
Sasha Golin	RW	POR	68	10	18	28	-1	74	2	3	1	2	6	0	2	0	3	0	1	0	1	0	0.0	0	0	0.0	0.41	1.09
David Schulz	D	SAS	61	5	23	28	3	95	2	11	0	0	2	0	3	1	1	0	1	0	1	0	0.0	0	0	0.0	0.46	1.56
Thomas Hickey	D	SEA	69	1	27	28	2	53	0	13	1	0	1	0	0	0	0	0	1	1	1	1	100.0	0	0	0.0	0.41	0.77
Johannes Salmonsson	LW	SPO	54	12	15	27	-10	30	2	4	0	0	1	0	1	0	1	0	2	1	2	1	50.0	0	0	0.0	0.5	0.56
Michal Psurny	LW	KTN	56	6	21	27	6	22	3	6	0	0	6	0	1	0	3	0	1	0	1	0	0.0	0	0	0.0	0.48	0.39
Victor Bartley	D	KAM	65	3	24	27	1	114	2	19	0	0	0	0	1	0	1	1	0	0	0	0	0.0	0	0	0.0	0.42	1.75
Chris Bruton	C	SPO	66	12	14	26	-11	111	2	4	1	1	6	0	3	0	1	2	1	1	1	1	100.0	0	0	0.0	0.39	1.68
Troy Ofukany	C	KEL	68	12	14	26	12	112	8	1	0	0	7	0	2	0	0	3	0	0	0	0	0.0	0	0	0.0	0.38	1.65
Brett Novak	RW	P.A	55	10	16	26	-16	45	7	7	0	0	2	0	0	0	2	0	10	3	10	0	30.0	0	0	0.0	0.47	0.82
Tyler Johnson	C	SEA	66	10	16	26	-1	56	1	4	0	1	5	0	1	0	2	0	2	0	2	0	0.0	0	0	0.0	0.39	0.85
Steve Covington	RW	CGY	72	10	16	26	3	47	3	3	1	1	2	0	4	0	1	1	0	0	0	0	0.0	0	0	0.0	0.36	0.65
Alex Aldred	C	TRI	60	8	18	26	-10	22	3	9	0	1	3	0	0	0	0	1	2	0	2	0	0.0	0	0	0.0	0.43	0.37
Jason Reese	C	VAN	47	7	19	26	7	23	3	6	0	1	2	0	2	0	1	2	1	0	1	0	0.0	0	0	0.0	0.55	0.49
Scott Jackson	D	SEA	57	3	23	26	4	46	2	13	0	1	2	0	0	0	0	1	0	0	0	0	0.0	0	0	0.0	0.46	0.81
Josh Aspenlind	RW	S.C	69	13	12	25	-16	133	3	1	0	0	2	0	0	0	1	1	0	0	0	0	0.0	0	0	0.0	0.36	1.93
Michael Kaye	RW	LET	52	12	13	25	-9	77	6	5	0	0	4	0	0	0	1	1	1	0	1	0	0.0	0	0	0.0	0.48	1.48
Ted Vandermeer	LW	RDR	53	11	14	25	-14	36	3	8	1	0	2	0	2	0	4	1	2	0	2	0	0.0	0	0	0.0	0.47	0.68
Andrew Bailey	RW	KTN	72	10	15	25	11	40	2	4	0	0	3	0	2	0	4	0	0	0	0	0	0.0	0	0	0.0	0.35	0.56
Kalvin Sagert	D	P.G	71	7	18	25	6	88	3	10	0	1	4	0	0	0	0	1	0	0	0	0	0.0	0	0	0.0	0.35	1.24
Riley Day	D	BRN	61	6	19	25	9	191	0	8	0	0	4	0	0	0	0	1	0	0	0	0	0.0	0	0	0.0	0.41	3.13
Paul Kurceba	D	KTN	67	5	20	25	6	132	4	7	0	0	3	0	1	0	1	0	0	0	0	0	0.0	0	0	0.0	0.37	1.97
Matthew Hansen	D	M.J	49	2	23	25	15	28	1	11	0	0	0	0	0	0	0	0	0	0	0	0	0.0	0	0	0.0	0.51	0.57
Corey Courchene	LW	BRN	56	11	13	24	-8	150	4	3	0	0	2	0	1	0	1	0	2	0	2	0	0.0	0	0	0.0	0.43	2.68
Ken Petkau	RW	RDR	64	10	14	24	-18	31	4	2	0	0	6	0	4	0	1	2	1	0	1	0	0.0	0	0	0.0	0.38	0.48
Jordan Fuder	RW	REG	69	10	14	24	-2	124	0	2	0	0	3	0	1	0	3	1	0	0	0	0	0.0	0	0	0.0	0.35	1.8
Jerrid Sauer	RW	M.H	73	9	15	24	17	25	1	1	0	1	4	0	2	0	3	1	0	0	0	0	0.0	0	0	0.0	0.33	0.34
Tyler Spurgeon	C	KEL	39	7	17	24	3	22	5	8	1	0	0	0	1	0	0	0	0	0	0	0	0.0	0	0	0.0	0.62	0.56
Jonathon Blum	D	VAN	61	7	17	24	16	25	1	7	0	0	4	0	1	0	1	1	0	0	0	0	0.0	0	0	0.0	0.39	0.41
Bryan Kauk	RW	BRN	65	6	18	24	-1	22	0	3	0	0	1	0	1	0	2	0	1	0	1	0	0.0	0	0	0.0	0.37	0.34
Karl Alzner	D	CGY	70	4	20	24	14	28	1	8	0	0	3	0	1	0	0	0	0	0	0	0	0.0	0	0	0.0	0.34	0.4
Gord Baldwin	D	M.H	71	4	20	24	9	119	3	6	0	1	1	0	1	0	1	1	0	0	0	0	0.0	0	0	0.0	0.34	1.68
Tommy Maxwell	RW	M.H	60	15	8	23	7	145	3	1	0	0	4	0	1	0	3	2	0	0	0	0	0.0	0	0	0.0	0.38	2.42
Matthew Cline	C	RDR	71	12	11	23	-21	70	5	4	0	0	6	0	2	0	3	1	2	0	2	0	0.0	0	0	0.0	0.32	0.99
Taylor Procyshen	RW	TRI	68	11	12	23	-7	27	2	3	2	0	3	0	4	1	1	1	1	0	1	0	0.0	0	0	0.0	0.34	0.4
Andrew Clark	LW	BRN	61	9	14	23	0	37	2	3	0	0	2	0	2	0	2	1	1	0	1	0	0.0	0	0	0.0	0.38	0.61
Andre Herman	LW	M.J	72	8	15	23	8	23	0	0	0	0	3	0	1	0	1	0	0	0	0	0	0.0	0	0	0.0	0.32	0.32
Nick Ross	D	REG	62	7	16	23	-3	38	4	6	0	0	0	0	1	0	2	2	0	0	0	0	0.0	0	0	0.0	0.37	0.61
Jordan Henry	D	RDR	69	3	20	23	23	155	1	5	0	0	1	0	0	0	0	1	0	0	0	0	0.0	0	0	0.0	0.33	2.25
Karel Hromas	LW	EVT	52	11	11	22	-11	14	6	5	1	1	7	0	4	0	2	0	3	2	3	2	66.7	0	0	0.0	0.42	0.27
Keith Voytechek	LW	TRI	60	9	13	22	1	58	4	5	0	0	2	0	0	0	1	2	0	0	0	0	0.0	0	0	0.0	0.37	0.97
John Wikner	LW	BRN	60	9	13	22	-13	32	1	2	0	0	5	0	1	0	0	0	0	0	0	0	0.0	0	0	0.0	0.37	0.53
Kirt Hill	C	KEL	68	9	13	22	15	78	0	2	0	0	3	0	3	0	0	0	0	0	0	0	0.0	0	0	0.0	0.32	1.15
Greg Scott	RW	SEA	69	8	14	22	-3	37	0	2	0	0	1	0	2	0	0	0	1	0	1	0	0.0	0	0	0.0	0.32	0.54
Brett Sonne	C	CGY	64	12	9	21	6	38	3	2	1	0	5	0	3	0	1	4	0	0	0	0	0.0	0	0	0.0	0.33	0.59
Blair Macaulay	RW	SAS	67	9	12	21	-10	49	4	2	1	3	6	0	1	0	1	1	3	1	3	1	33.3	0	0	0.0	0.31	0.73
Mario Bliznak	C	VAN	69	9	12	21	6	29	4	7	2	0	1	0	0	0	1	0	0	0	0	0	0.0	0	0	0.0	0.3	0.42
Sean Zimmerman	D	SPO	72	2	19	21	3	44	1	7	0	0	0	0	2	1	0	0	2	0	2	0	0.0	0	0	0.0	0.29	0.61
Dane Crowley	D	S.C	71	1	20	21	-15	149	1	10	0	0	0	0	0	0	0	0	0	0	0	0	0.0	0	0	0.0	0.3	2.1
Cole Hunter	LW	BRN	59	9	11	20	-11	31	0	0	1	0	4	0	0	0	1	0	0	0	0	0	0.0	0	0	0.0	0.34	0.53
Robert Klinkhammer	LW	SEA	67	8	12	20	-10	52	1	5	0	0	2	0	1	0	2	0	2	0	2	0	0.0	0	0	0.0	0.3	0.78
Cole Simpson	D	M.J	71	8	12	20	30	69	2	2	0	1	2	0	2	0	3	0	0	0	0	0	0.0	0	0	0.0	0.28	0.97
Max Gordichuk	D	POR	67	6	14	20	-21	76	3	5	0	1	1	0	0	0	2	0	0	0	0	0	0.0	0	0	0.0	0.3	1.13
Randy King	D	LET	58	3	17	20	-21	152	2	8	0	0	1	0	1	0	1	0	0	0	0	0	0.0	0	0	0.0	0.34	2.62
Craig Lineker	D	CGY	66	2	18	20	0	72	0	10	0	0	0	0	0	0	0	0	0	0	0	0	0.0	0	0	0.0	0.3	1.09
Milan Lucic	LW	VAN	62	9	10	19	4	149	3	2	0	0	5	0	2	0	0	1	0	0	0	0	0.0	0	0	0.0	0.31	2.4
Clayton Barthel	D	SEA	60	8	11	19	-10	88	5	5	0	0	3	0	0	0	0	1	0	0	0	0	0.0	0	0	0.0	0.32	1.47
Brennan Chapman	D	RDR	67	4	15	19	-13	116	1	6	0	0	2	0	0	0	0	0	0	0	0	0	0.0	0	0	0.0	0.28	1.73
Lukas Vantuch	C	CGY	68	4	15	19	7	70	0	3	0	0	1	0	1	0	1	1	0	0	0	0	0.0	0	0	0.0	0.28	1.03
Derek Price	D	SAS	67	0	19	19	-15	54	0	8	0	1	0	0	0	0	0	0	0	0	0	0	0.0	0	0	0.0	0.28	0.81
Frazer McLaren	LW	POR	70	12	6	18	-24	194	1	2	1	0	1	0	1	0	4	1	0	0	0	0	0.0	0	0	0.0	0.26	2.77
Fred Wikner	RW	P.G	66	10	8	18	-9	32	6	0	0	0	4	0	1	0	2	0	0	0	0	0	0.0	0	0	0.0	0.27	0.48
Dylan Yeo	D	CGY	56	7	11	18	19	78	0	2	1	0	4	0	2	0	2	0	0	0	0	0	0.0	0	0	0.0	0.32	1.39
Tyson Sievert	LW	REG	58	7	11	18	4	73	0	3	0	0	3	0	0	0	2	0	0	0	0	0	0.0	0	0	0.0	0.31	1.26
Dana Tyrell	C	P.G	69	7	11	18	-3	44	0	1	1	2	3	0	1	0	0	2	1	0	1	0	0.0	0	0	0.0	0.26	0.64
Cam Barker	D	M.H	25	5	13	18	4	61	5	8	0	0	5	0	1	0	0	0	4	1	4	0	25.0	0	0	0.0	0.72	2.44
Ben Wright	D	LET	55	5	13	18	-2	79	3	5	0	1	1	0	0	0	1	0	0	0	0	0	0.0	0	0	0.0	0.33	1.44
Curtis Cooper	D	P.G	72	5	13	18	3	42	1	2	0	1	2	0	0	0	0	1	0	0	0	0	0.0	0	0	0.0	0.25	0.58
Dale Weise	RW	S.C	53	4	14	18	-14	57	1	5	0	0	1	0	0	0	1	0	0	0	0	0	0.0	0	0	0.0	0.34	1.08
Brad Cole	D	SAS	72	4	14	18	7	84	0	1	0	1	2	0	2	1	0	0	0	0	0	0	0.0	0	0	0.0	0.25	1.17
Janick Steinmann	C	KAM	55	3	15	18	-3	32	1	5	0	0	3	0	0	0	0	0	0	0	0	0	0.0	0	0	0.0	0.33	0.58
Jason Fransoo	D	EVT	72	3	15	18	4	63	1	9	0	0	2	0	0	0	1	0	0	0	0	0	0.0	0	0	0.0	0.25	0.88
Jeff Topilko	C	BRN	45	10	7	17	-2	13	3	1	0	0	1	0	1	1	5	0	2	1	2	1	50.0	0	0	0.0	0.38	0.29
Jeff Lynch	LW	SPO	35	9	8	17	-2	41	5	4	1	0	7	0	1	0	3	0	0	0	0	0	0.0	0	0	0.0	0.49	1.17
Scott Doucet	RW	P.A	68	8	9	17	-20	56	3	2	0	0	2	0	0	0	1	0	5	1	5	0	20.0	0	0	0.0	0.25	0.82
Ryan DePape	RW	P.A	66	7	10	17	-27	125	4	6	0	0	3	0	1	0	0	0	0	0	0	0	0.0	0	0	0.0	0.26	1.89
C.J. Stretch	C	KAM	64	5	12	17	1	32	1	4	0	0	1	0	2	0	1	0	3	1	3	0	33.3	0	0	0.0	0.27	0.5
Stephane Lenoski	D	BRN	64	4	13	17	-6	61	2	1	0	0	2	0	0	0	0	0	0	0	0	0	0.0	0	0	0.0	0.27	0.95
Nicholas Hotson	RW	POR	69	11	5	16	-25	12	4	2	1	0	4	0	1	0	2	0	0	0	0	0	0.0	0	0	0.0	0.23	0.17
Dwight King	LW	LET	68	8	8	16	-16	22	2	2	0	0	3	0	0	0	1	2	0	0	0	0	0.0	0	0	0.0	0.24	0.32
Zack Dailey	C	EVT	62	7	9	16	10	18	1	1	1	0	1	0	0	0	2	0	0	0	0	0	0.0	0	0	0.0	0.26	0.29
Donny Lloyd	D	S.C	69	5	11	16	-22	100	3	8	0	0	0	0	1	0	1	1	0	0	0	0	0.0	0	0	0.0	0.23	1.45
Martin Grundling	D	M.J	57	3	13	16	12	87	1	4	0	1	1	0	0	0	1	0	0	0	0	0	0.0	0	0	0.0	0.28	1.53
Kevin Hayman	C	KAM	53	2	14	16	-5	46	0	7	0	0	2	0	0	0	2	0	0	0	0	0	0.0	0	0	0.0	0.3	0.87
Brennan Bosch	C	M.H	66	8	7	15	0	29	1	0	0	0	3	0	1	0	0	1	1	1	1	0	100.0	0	0	0.0	0.23	0.44
Kyle Bortis	C	S.C	42	7	8	15	-8	2	2	0	0	0	3	0	1	1	1	0	2	2	2	0	100.0	0	0	0.0	0.36	0.05
Mike Reich	C	CGY	61	7	8	15	13	150	2	1	2	0	1	0	2	0	0	1	1	0	1	0	0.0	0	0	0.0	0.25	2.46
Terrance Delaronde	LW	KAM	69	7	8	15	0	177	0	0	1	0	3	0	1	0	1	0	0	0	0	0	0.0	0	0	0.0	0.22	2.57
Matt McCue	D	SPO	56	5	10	15	-2	125	3	3	0	0	2	0	0	0	3	1	0	0	0	0	0.0	0	0	0.0	0.27	2.23
Bretton Stamler	D	SEA	56	5	10	15	8	102	0	3	0	0	1	0	1	1	2	0	0	0	0	0	0.0	0	0	0.0	0.27	1.82
Michael Senseman	RW	REG	50	3	12	15	2	33	0	4	0	0	1	0	0	0	0	0	0	0	0	0	0.0	0	0	0.0	0.3	0.66
Cody Thoring	D	EVT	58	0	15	15	3	75	0	8	0	0	0	0	0	0	0	0	0	0	0	0	0.0	0	0	0.0	0.26	1.29
Ryan Menei	RW	SAS	38	8	6	14	-2	39	2	2	0	0	6	0	1	0	1	1	4	1	4	0	25.0	0	0	0.0	0.37	1.03
Evan Schafer	D	P.A	72	8	6	14	-15	143	0	2	0	0	2	0	1	1	1	0	0	0	0	0	0.0	0	0	0.0	0.19	1.99
Michael Hengen	D	SAS	51	4	10	14	-14	69	1	3	0	0	2	0	1	1	2	0	2	0	2	0	0.0	0	0	0.0	0.27	1.35
Greg Gardner	C	P.G	71	4	10	14	-1	41	0	2	0	2	1	0	0	0	0	0	0	0	0	0	0.0	0	0	0.0	0.2	0.58
Trevor Glass	D	M.H	64	3	11	14	5	20	2	2	0	1	1	0	0	0	2	0	0	0	0	0	0.0	0	0	0.0	0.22	0.31
Mark Ashton	D	LET	65	2	12	14	-8	113	1	1	0	0	1	0	0	0	0	0	0	0	0	0	0.0	0	0	0.0	0.22	1.74
Tanner Gillies	RW	RDR	65	9	4	13	-13	38	2	1	0	0	3	0	0	0	3	0	2	1	2	1	50.0	0	0	0.0	0.2	0.58
Judd Blackwater	C	SPO	45	7	6	13	-5	70	1	1	0	0	0	0	0	0	1	1	0	0	0	0	0.0	0	0	0.0	0.29	1.56
Mark Kress	C	EVT	63	6	7	13	-11	72	0	1	2	0	2	0	1	0	1	2	0	0	0	0	0.0	0	0	0.0	0.21	1.14
Yashar Farmanara	C	LET	52	5	8	13	-12	58	0	2	1	0	0	0	2	0	1	0	0	0	0	0	0.0	0	0	0.0	0.25	1.12
Devin Welsh	C	KTN	67	5	8	13	1	82	0	1	0	0	4	0	1	0	1	1	0	0	0	0	0.0	0	0	0.0	0.19	1.22
Shaun Vey	C	TRI	25	3	10	13	-9	16	3	10	0	0	3	0	0	0	1	0	0	0	0	0	0.0	0	0	0.0	0.52	0.64
  Michael Wilson	D	S.C	34	3	10	13	-4	16	1	4	0	0	0	0	1	1	0	0	0	0	0	0	0.0	0	0	0.0	0.38	0.47
Mitch Czibere	LW	VAN	62	3	10	13	3	41	1	1	0	0	2	0	0	0	1	0	0	0	0	0	0.0	0	0	0.0	0.21	0.66
Levi Lind	C	REG	67	3	10	13	-21	97	2	4	0	0	2	0	0	0	0	0	1	0	1	0	0.0	0	0	0.0	0.19	1.45
Nicolaus Knudsen	D	TRI	73	2	11	13	-2	109	1	3	1	1	1	0	1	0	0	0	0	0	0	0	0.0	0	0	0.0	0.18	1.49
Cody McMullin	LW	P.G	36	7	5	12	-10	14	1	0	0	0	0	0	2	0	2	0	1	0	1	0	0.0	0	0	0.0	0.33	0.39
Colton Gillies	C	SAS	63	6	6	12	-3	57	0	1	0	2	3	0	1	0	1	0	4	1	4	1	25.0	0	0	0.0	0.19	0.9
Mike Gauthier	D	P.A	69	4	8	12	-18	169	1	1	0	0	3	0	1	0	1	0	0	0	0	0	0.0	0	0	0.0	0.17	2.45
Jared Spurgeon	D	SPO	46	3	9	12	-10	28	2	5	0	0	0	0	0	0	0	0	0	0	0	0	0.0	0	0	0.0	0.26	0.61
Vladimir Mihalik	D	RDR	62	3	9	12	-12	86	1	1	0	0	2	0	0	0	1	0	0	0	0	0	0.0	0	0	0.0	0.19	1.39
Jordan Bendfeld	D	M.H	65	2	10	12	19	92	0	1	0	1	0	0	0	0	1	0	0	0	0	0	0.0	0	0	0.0	0.18	1.42
Myles Rumsey	D	S.C	67	0	12	12	-21	116	0	4	0	0	0	0	0	0	0	0	0	0	0	0	0.0	0	0	0.0	0.18	1.73
Chris Cloud	LW	SAS	56	6	5	11	-7	68	2	2	0	0	3	0	1	0	2	0	2	0	2	0	0.0	0	0	0.0	0.2	1.21
Matt Kassian	RW	KAM	67	5	6	11	-12	147	3	1	0	0	3	0	2	0	0	0	0	0	0	0	0.0	0	0	0.0	0.16	2.19
Thomas Raffl	LW	S.C	33	4	7	11	3	39	0	3	0	0	3	0	0	0	0	0	2	1	2	0	50.0	0	0	0.0	0.33	1.18
David Linsley	C	SPO	48	4	7	11	-14	26	2	2	0	0	2	0	0	0	1	0	0	0	0	0	0.0	0	0	0.0	0.23	0.54
Travis Dunstall	LW	KAM	49	3	8	11	-7	40	1	2	0	0	0	0	0	0	1	0	1	0	1	0	0.0	0	0	0.0	0.22	0.82
Jonathan Harty	D	EVT	53	3	8	11	12	70	1	3	0	1	2	0	1	0	0	2	0	0	0	0	0.0	0	0	0.0	0.21	1.32
Luke Schenn	D	KEL	60	3	8	11	1	86	0	1	0	0	2	0	0	0	0	1	0	0	0	0	0.0	0	0	0.0	0.18	1.43
Theran Yeo	D	BRN	61	3	8	11	1	140	0	0	0	0	2	0	1	0	1	0	0	0	0	0	0.0	0	0	0.0	0.18	2.3
Chad Scharff	LW	VAN	62	3	8	11	5	57	2	1	0	0	3	0	1	0	1	0	0	0	0	0	0.0	0	0	0.0	0.18	0.92
Brendan Mikkelson	D	VAN	22	2	9	11	3	41	1	8	1	0	1	0	1	0	1	0	0	0	0	0	0.0	0	0	0.0	0.5	1.86
Kieran Block	LW	M.H	49	2	9	11	15	52	0	1	0	2	1	0	1	0	0	0	0	0	0	0	0.0	0	0	0.0	0.22	1.06
Paul Postma	D	S.C	58	2	9	11	-11	6	2	4	0	0	1	0	0	0	0	0	1	0	1	0	0.0	0	0	0.0	0.19	0.1
J-P Szaszkiewicz	LW	SPO	61	2	9	11	-5	64	0	0	0	0	1	0	0	0	0	0	0	0	0	0	0.0	0	0	0.0	0.18	1.05
Travis Ehrhardt	D	M.J	45	1	10	11	11	37	0	0	1	0	0	0	0	0	0	0	0	0	0	0	0.0	0	0	0.0	0.24	0.82
Mike Berube	D	RDR	69	1	10	11	-2	70	0	5	0	0	0	0	1	1	0	0	0	0	0	0	0.0	0	0	0.0	0.16	1.01
Jesse Dudas	D	P.G	24	0	11	11	2	27	0	7	0	0	0	0	0	0	0	0	0	0	0	0	0.0	0	0	0.0	0.46	1.13
Shane Harper	RW	EVT	62	6	4	10	-8	8	4	0	0	0	0	0	0	0	2	1	0	0	0	0	0.0	0	0	0.0	0.16	0.13
Aaron Boogaard	RW	TRI	65	6	4	10	-8	211	1	1	0	0	5	0	0	0	0	0	0	0	0	0	0.0	0	0	0.0	0.15	3.25
Myles MacRae	C	KEL	46	5	5	10	-2	10	0	1	0	0	3	0	1	0	2	2	0	0	0	0	0.0	0	0	0.0	0.22	0.22
Lindsay Nielsen	C	SEA	50	5	5	10	-5	8	0	1	0	0	1	0	0	0	1	1	0	0	0	0	0.0	0	0	0.0	0.2	0.16
Damir Alic	C	EVT	58	5	5	10	-9	22	1	0	0	0	0	0	0	0	1	0	0	0	0	0	0.0	0	0	0.0	0.17	0.38
David Rutherford	C	VAN	41	4	6	10	5	44	2	0	0	0	2	0	1	0	0	0	3	0	3	0	0.0	0	0	0.0	0.24	1.07
Joel Eisenkirch	D	KAM	50	4	6	10	3	63	2	3	0	0	0	0	0	0	2	0	0	0	0	0	0.0	0	0	0.0	0.2	1.26
Jesse Smyke	RW	EVT	54	4	6	10	0	27	0	0	0	1	1	0	1	0	2	0	0	0	0	0	0.0	0	0	0.0	0.19	0.5
Brent Ottmann	RW	P.A	39	3	7	10	-13	23	2	2	0	0	2	0	0	0	2	0	0	0	0	0	0.0	0	0	0.0	0.26	0.59
Tyler Ennis	C	M.H	43	3	7	10	-1	10	2	1	0	0	0	0	1	0	0	0	4	0	4	0	0.0	0	0	0.0	0.23	0.23
John Negrin	D	KTN	55	3	7	10	1	48	1	0	0	0	0	0	1	0	0	0	0	0	0	0	0.0	0	0	0.0	0.18	0.87
Cameron Cepek	D	POR	21	2	8	10	5	71	0	4	0	0	2	0	1	1	0	0	0	0	0	0	0.0	0	0	0.0	0.48	3.38
Justin Falk	D	SPO	53	0	10	10	3	35	0	5	0	0	0	0	0	0	0	0	0	0	0	0	0.0	0	0	0.0	0.19	0.66
R. J. LaRochelle	D	S.C	57	0	10	10	-11	93	0	7	0	0	0	0	0	0	0	0	0	0	0	0	0.0	0	0	0.0	0.18	1.63
Matthew Swaby	D	TRI	67	6	3	9	-14	110	1	2	0	0	1	0	0	0	3	0	0	0	0	0	0.0	0	0	0.0	0.13	1.64
Brandon Tidball	LW	S.C	70	6	3	9	-15	235	0	0	0	0	3	0	1	0	1	1	0	0	0	0	0.0	0	0	0.0	0.13	3.36
Brady Mason	LW	KAM	58	5	4	9	-3	19	0	0	1	0	0	0	0	0	1	1	0	0	0	0	0.0	0	0	0.0	0.16	0.33
Andrew Wasmuth	LW	S.C	40	4	5	9	4	21	1	0	0	0	3	0	0	0	1	0	0	0	0	0	0.0	0	0	0.0	0.23	0.53
Todd Panchyson	D	SAS	43	4	5	9	21	27	0	0	0	0	3	0	1	1	2	0	0	0	0	0	0.0	0	0	0.0	0.21	0.63
Alex Poulter	C	RDR	57	4	5	9	-5	19	1	1	0	0	2	0	1	0	2	0	2	0	2	0	0.0	0	0	0.0	0.16	0.33
Justin Scott	C	RDR	49	3	6	9	-15	24	0	1	0	0	2	0	1	0	2	0	0	0	0	0	0.0	0	0	0.0	0.18	0.49
Colton Sceviour	RW	POR	58	3	6	9	-19	25	1	0	0	0	2	0	0	0	0	0	2	0	2	0	0.0	0	0	0.0	0.16	0.43
Brett Leffler	RW	REG	42	2	7	9	-6	54	1	0	0	0	1	0	0	0	0	0	0	0	0	0	0.0	0	0	0.0	0.21	1.29
Philip Magistrale	D	SPO	43	2	7	9	-13	51	0	0	0	0	2	0	0	0	0	0	0	0	0	0	0.0	0	0	0.0	0.21	1.19
Garet Hunt	LW	VAN	51	2	7	9	6	103	0	2	0	0	0	0	1	0	1	0	0	0	0	0	0.0	0	0	0.0	0.18	2.02
Lukas Bohunicky	D	KTN	59	2	7	9	9	52	0	0	0	1	1	0	1	0	0	1	0	0	0	0	0.0	0	0	0.0	0.15	0.88
Kyle Howarth	LW	P.A	38	1	8	9	-12	36	1	3	0	0	0	0	0	0	1	0	2	0	2	0	0.0	0	0	0.0	0.24	0.95
Josh Elder	LW	P.A	60	1	8	9	-13	75	1	1	0	0	1	0	0	0	0	0	0	0	0	0	0.0	0	0	0.0	0.15	1.25
Cole Butterfield	D	TRI	66	0	9	9	-7	67	0	2	0	0	0	0	0	0	0	0	0	0	0	0	0.0	0	0	0.0	0.14	1.02
Carter Smith	RW	M.J	62	7	1	8	-6	47	0	0	0	0	0	0	2	0	0	1	0	0	0	0	0.0	0	0	0.0	0.13	0.76
Jason Bast	C	M.J	56	5	3	8	-1	12	0	1	0	0	0	0	1	0	1	0	0	0	0	0	0.0	0	0	0.0	0.14	0.21
Kirk Meaver	RW	P.G	58	5	3	8	4	16	1	0	0	0	3	0	0	0	2	1	0	0	0	0	0.0	0	0	0.0	0.14	0.28
Seth Compton	C	SPO	67	3	5	8	-11	34	0	0	0	1	2	0	0	0	0	0	0	0	0	0	0.0	0	0	0.0	0.12	0.51
Craig Cuthbert	RW	KEL	52	2	6	8	-1	27	1	0	0	0	0	0	1	0	0	0	0	0	0	0	0.0	0	0	0.0	0.15	0.52
Keaton Ellerby	D	KAM	68	2	6	8	3	121	1	2	0	0	0	0	0	0	0	0	0	0	0	0	0.0	0	0	0.0	0.12	1.78
Dan Mercer	D	SPO	35	1	7	8	-2	56	1	3	0	0	0	0	0	0	0	0	0	0	0	0	0.0	0	0	0.0	0.23	1.6
Eric Doyle	D	EVT	48	1	7	8	7	17	0	1	0	0	0	0	0	0	1	0	1	1	1	0	100.0	0	0	0.0	0.17	0.35
Mark Louis	D	BRN	58	1	7	8	2	61	0	1	0	0	1	0	0	0	0	0	0	0	0	0	0.0	0	0	0.0	0.14	1.05
Colin Joe	D	KEL	62	0	8	8	8	38	0	2	0	0	0	0	0	0	0	0	0	0	0	0	0.0	0	0	0.0	0.13	0.61
Spencer McAvoy	RW	S.C	56	5	2	7	-6	44	1	0	0	0	2	0	2	0	0	0	1	0	1	0	0.0	0	0	0.0	0.13	0.79
Jacob Dietrich	C	LET	62	5	2	7	-22	50	0	0	1	0	1	0	1	0	0	0	0	0	0	0	0.0	0	0	0.0	0.11	0.81
Ian McKenzie	RW	M.J	42	4	3	7	-4	68	0	0	0	0	3	0	0	0	0	1	0	0	0	0	0.0	0	0	0.0	0.17	1.62
Devon LeBlanc	LW	RDR	64	4	3	7	-7	28	0	0	0	0	1	0	0	0	1	0	0	0	0	0	0.0	0	0	0.0	0.11	0.44
Neil Kodman	C	LET	40	3	4	7	-7	10	3	1	0	0	3	0	0	0	1	0	0	0	0	0	0.0	0	0	0.0	0.18	0.25
Kris Deines	LW	CGY	59	3	4	7	-2	144	0	0	0	0	2	0	1	0	0	1	0	0	0	0	0.0	0	0	0.0	0.12	2.44
John Flatters	D	VAN	65	3	4	7	1	140	0	1	0	0	1	0	1	0	0	1	0	0	0	0	0.0	0	0	0.0	0.11	2.15
Michal Polak	LW	P.A	23	2	5	7	-10	21	1	3	0	0	0	0	0	0	1	0	0	0	0	0	0.0	0	0	0.0	0.3	0.91
Matt Hallick	C	BRN	38	2	5	7	-3	2	0	1	0	0	2	0	0	0	0	0	0	0	0	0	0.0	0	0	0.0	0.18	0.05
Evan Fuller	C	P.G	56	2	5	7	-6	87	0	1	0	0	1	0	0	0	0	0	0	0	0	0	0.0	0	0	0.0	0.13	1.55
Zack Smith	C	S.C	64	2	5	7	-5	78	0	1	0	0	0	0	0	0	0	0	0	0	0	0	0.0	0	0	0.0	0.11	1.22
Ashton Hewson	LW	P.A	66	2	5	7	-19	54	0	1	0	0	1	0	0	0	1	0	0	0	0	0	0.0	0	0	0.0	0.11	0.82
Benn Olson	D	SEA	61	1	6	7	2	203	0	0	0	0	0	0	0	0	0	0	0	0	0	0	0.0	0	0	0.0	0.11	3.33
Brett Festerling	D	VAN	67	1	6	7	6	35	0	1	0	1	0	0	0	0	0	0	0	0	0	0	0.0	0	0	0.0	0.1	0.52
Scott Gabriel	D	POR	52	0	7	7	-8	109	0	0	0	0	0	0	0	0	0	0	0	0	0	0	0.0	0	0	0.0	0.13	2.1
Taylor Ellington	D	EVT	63	0	7	7	-1	62	0	0	0	1	0	0	0	0	0	0	0	0	0	0	0.0	0	0	0.0	0.11	0.98
Libor Gazdik	C	POR	53	3	3	6	-2	65	0	1	0	0	1	0	1	0	1	0	0	0	0	0	0.0	0	0	0.0	0.11	1.23
Brad Riege	C	LET	59	3	3	6	-10	49	0	1	0	0	1	0	0	0	0	0	0	0	0	0	0.0	0	0	0.0	0.1	0.83
Dustin Sylvester	C	KTN	58	2	4	6	7	13	0	1	0	0	0	0	1	0	0	1	0	0	0	0	0.0	0	0	0.0	0.1	0.22
Pierre-Paul Lamoureux	D	RDR	59	2	4	6	-4	112	0	0	0	1	0	0	0	0	0	0	0	0	0	0	0.0	0	0	0.0	0.1	1.9
Brett Ward	D	SAS	58	1	5	6	3	53	0	2	0	2	0	0	0	0	0	0	0	0	0	0	0.0	0	0	0.0	0.1	0.91
Graham Potuer	D	EVT	63	1	5	6	0	68	0	0	0	0	0	0	0	0	0	0	0	0	0	0	0.0	0	0	0.0	0.1	1.08
Ryan Kerr	D	LET	57	0	6	6	-21	48	0	0	0	1	0	0	0	0	0	0	0	0	0	0	0.0	0	0	0.0	0.11	0.84
Prab Rai	RW	P.G	38	5	0	5	0	15	4	0	0	0	4	0	0	0	1	1	1	0	1	0	0.0	0	0	0.0	0.13	0.39
Chris Inglis	LW	TRI	55	4	1	5	-19	57	1	0	0	0	2	0	2	0	1	0	0	0	0	0	0.0	0	0	0.0	0.09	1.04
Darryl Moscaluk	C	CGY	20	3	2	5	-2	53	2	0	0	0	3	0	2	0	0	0	0	0	0	0	0.0	0	0	0.0	0.25	2.65
Carson McMillan	RW	CGY	59	3	2	5	3	42	0	0	0	0	1	0	1	0	0	0	0	0	0	0	0.0	0	0	0.0	0.08	0.71
Jordan Trach	LW	P.A	17	2	3	5	-6	8	0	1	0	0	0	0	0	0	0	0	0	0	0	0	0.0	0	0	0.0	0.29	0.47
Jarrid Dowhay	RW	P.A	43	2	3	5	-4	11	1	0	0	0	0	0	0	0	0	0	0	0	0	0	0.0	0	0	0.0	0.12	0.26
Scott Skrudland	LW	KAM	45	2	3	5	2	51	0	0	0	0	0	0	1	0	1	0	0	0	0	0	0.0	0	0	0.0	0.11	1.13
Kevin Reinholt	D	KEL	48	1	4	5	-8	46	1	0	0	0	1	0	0	0	0	0	0	0	0	0	0.0	0	0	0.0	0.1	0.96
Trent Fussi	RW	KTN	55	1	4	5	-1	16	0	0	0	0	1	0	0	0	0	1	0	0	0	0	0.0	0	0	0.0	0.09	0.29
Curtis Patterson	D	P.G	59	1	4	5	-8	44	0	0	0	0	0	0	0	0	0	0	0	0	0	0	0.0	0	0	0.0	0.08	0.75
David Richard	RW	SEA	62	1	4	5	-3	32	0	0	0	0	0	0	1	0	0	0	1	1	1	0	100.0	0	0	0.0	0.08	0.52
Ryan Gillen	D	TRI	65	1	4	5	-4	75	0	0	0	1	0	0	1	0	1	0	0	0	0	0	0.0	0	0	0.0	0.08	1.15
Scott Wasden	C	M.H	41	0	5	5	-2	27	0	1	0	0	0	0	0	0	0	0	0	0	0	0	0.0	0	0	0.0	0.12	0.66
Derek Reinhart	D	REG	49	0	5	5	0	101	0	0	0	0	0	0	0	0	0	0	0	0	0	0	0.0	0	0	0.0	0.1	2.06
Ryan Funk	D	SAS	50	0	5	5	-5	56	0	3	0	0	0	0	0	0	0	0	0	0	0	0	0.0	0	0	0.0	0.1	1.12
Lenny Thunderchild	D	POR	60	0	5	5	-26	66	0	0	0	0	0	0	0	0	0	0	0	0	0	0	0.0	0	0	0.0	0.08	1.1
Josh Fauth	D	REG	67	0	5	5	3	134	0	0	0	0	0	0	0	0	0	0	0	0	0	0	0.0	0	0	0.0	0.07	2.0
Joel Broda	C	TRI	51	3	1	4	-14	10	2	0	0	0	0	0	1	0	1	0	0	0	0	0	0.0	0	0	0.0	0.08	0.2
Clinton Pettapiece	C	M.H	7	2	2	4	3	12	0	0	0	0	2	0	1	0	0	0	1	0	1	0	0.0	0	0	0.0	0.57	1.71
Karey Pieper	LW	RDR	19	2	2	4	-7	14	1	1	0	0	1	0	0	0	0	0	0	0	0	0	0.0	0	0	0.0	0.21	0.74
Marc Connors	C	KAM	24	2	2	4	-2	41	1	1	0	0	2	0	0	0	1	0	0	0	0	0	0.0	0	0	0.0	0.17	1.71
Justin Palazzo	D	P.A	55	2	2	4	-12	64	0	0	0	0	1	0	0	0	0	1	0	0	0	0	0.0	0	0	0.0	0.07	1.16
James McEwan	LW	SEA	56	2	2	4	-3	132	0	0	0	0	0	0	0	0	0	0	0	0	0	0	0.0	0	0	0.0	0.07	2.36
Lance Bouma	C	VAN	5	1	3	4	4	0	0	0	0	0	0	0	0	0	0	0	0	0	0	0	0.0	0	0	0.0	0.8	0.0
Shaden Moore	D	CGY	17	1	3	4	1	31	1	2	0	0	1	0	0	0	0	0	0	0	0	0	0.0	0	0	0.0	0.24	1.82
Colin Long	C	KEL	20	1	3	4	-1	6	1	1	0	0	1	0	0	0	0	0	0	0	0	0	0.0	0	0	0.0	0.2	0.3
Brennan Zasitko	LW	SAS	32	1	3	4	-1	39	1	0	0	0	0	0	0	0	0	0	0	0	0	0	0.0	0	0	0.0	0.13	1.22
Dan Watt	LW	TRI	42	1	3	4	-7	16	0	0	0	0	0	0	0	0	0	0	0	0	0	0	0.0	0	0	0.0	0.1	0.38
Tysen Dowzak	D	KEL	43	1	3	4	3	68	0	0	0	0	0	0	0	0	0	0	0	0	0	0	0.0	0	0	0.0	0.09	1.58
Jonathon Smith	D	RDR	45	1	3	4	-12	60	0	0	0	0	1	0	0	0	0	0	0	0	0	0	0.0	0	0	0.0	0.09	1.33
Mike Cann	D	LET	52	1	3	4	-9	54	1	1	0	0	1	0	0	0	0	0	0	0	0	0	0.0	0	0	0.0	0.08	1.04
Alex Plante	D	CGY	54	1	3	4	-2	72	0	0	0	0	1	0	0	0	0	0	0	0	0	0	0.0	0	0	0.0	0.07	1.33
Jeremy Schappert	D	SEA	59	1	3	4	-5	27	1	1	0	0	0	0	0	0	0	0	0	0	0	0	0.0	0	0	0.0	0.07	0.46
Garth Collins	D	POR	60	1	3	4	-11	225	0	0	0	0	0	0	0	0	0	0	0	0	0	0	0.0	0	0	0.0	0.07	3.75
Kelly Friesen	C	POR	61	1	3	4	-6	22	0	0	0	0	0	0	1	0	0	0	0	0	0	0	0.0	0	0	0.0	0.07	0.36
Jason Lynch	D	SPO	69	1	3	4	-13	191	0	0	0	1	1	0	1	0	0	0	0	0	0	0	0.0	0	0	0.0	0.06	2.77
Dalyn Flatt	D	KTN	58	0	4	4	5	151	0	0	0	0	0	0	0	0	0	0	0	0	0	0	0.0	0	0	0.0	0.07	2.6
Matt Keetley	G	M.H	62	0	4	4	0	6	0	1	0	0	0	0	0	0	0	0	0	0	0	0	0.0	0	0	0.0	0.06	0.1
Andy Smith	C	P.A	4	3	0	3	5	4	1	0	0	0	0	0	1	0	0	0	0	0	0	0	0.0	0	0	0.0	0.75	1.0
Kyle Beach	C	EVT	4	2	1	3	2	4	0	0	0	0	2	0	0	0	0	0	0	0	0	0	0.0	0	0	0.0	0.75	1.0
Jordan McGillivray	LW	REG	16	2	1	3	-3	41	0	0	1	0	2	0	0	0	0	0	0	0	0	0	0.0	0	0	0.0	0.19	2.56
Dan Gendur	RW	P.G	19	2	1	3	-11	24	1	1	0	0	2	0	0	0	0	0	0	0	0	0	0.0	0	0	0.0	0.16	1.26
Cody Almond	C	KEL	23	2	1	3	0	7	0	0	0	0	1	0	0	0	0	0	0	0	0	0	0.0	0	0	0.0	0.13	0.3
Peter Cmorej	C	P.A	25	2	1	3	-5	0	0	0	0	0	0	0	0	0	0	0	1	0	1	0	0.0	0	0	0.0	0.12	0.0
Isaac Reid	LW	LET	30	2	1	3	-3	20	0	0	0	0	1	0	1	0	1	0	0	0	0	0	0.0	0	0	0.0	0.1	0.67
Ryan Letts	RW	CGY	40	2	1	3	-2	43	0	0	0	0	0	0	0	0	2	0	0	0	0	0	0.0	0	0	0.0	0.08	1.08
Mike Wuchterl	LW	LET	42	2	1	3	-8	117	0	0	0	0	1	0	1	0	0	1	0	0	0	0	0.0	0	0	0.0	0.07	2.79
Shane Halifax	RW	REG	9	1	2	3	-1	41	1	1	0	0	1	0	0	0	1	0	0	0	0	0	0.0	0	0	0.0	0.33	4.56
Kenton Dulle	RW	VAN	16	1	2	3	2	12	0	0	0	0	0	0	0	0	0	0	0	0	0	0	0.0	0	0	0.0	0.19	0.75
Tyler Strautman	LW	BRN	18	1	2	3	-9	13	0	0	0	0	1	0	0	0	0	0	0	0	0	0	0.0	0	0	0.0	0.17	0.72
Chad Erb	D	BRN	28	1	2	3	2	28	0	0	0	0	1	0	0	0	0	0	0	0	0	0	0.0	0	0	0.0	0.11	1.0
Liam Couture	D	KEL	31	1	2	3	7	60	0	0	0	0	1	0	0	0	1	0	0	0	0	0	0.0	0	0	0.0	0.1	1.94
Andrew Bentz	D	LET	37	1	2	3	-6	10	0	0	0	0	0	0	0	0	1	0	0	0	0	0	0.0	0	0	0.0	0.08	0.27
Jason MacDonald	C	REG	40	1	2	3	-10	4	0	0	0	0	1	0	0	0	0	0	0	0	0	0	0.0	0	0	0.0	0.08	0.1
Jarrett Toll	D	TRI	40	1	2	3	-5	8	0	0	0	0	0	0	0	0	0	0	0	0	0	0	0.0	0	0	0.0	0.08	0.2
Curtis Kelner	D	CGY	42	1	2	3	-9	26	0	0	0	0	0	0	0	0	0	0	0	0	0	0	0.0	0	0	0.0	0.07	0.62
Andy Rogers	D	P.G	21	0	3	3	-4	51	0	3	0	0	0	0	0	0	0	0	0	0	0	0	0.0	0	0	0.0	0.14	2.43
Chase Henitiuk	D	LET	29	0	3	3	-5	24	0	0	0	0	0	0	0	0	0	0	0	0	0	0	0.0	0	0	0.0	0.1	0.83
Ryan White	D	KAM	40	0	3	3	-1	13	0	0	0	0	0	0	0	0	0	0	0	0	0	0	0.0	0	0	0.0	0.08	0.33
Kevin Tipper	D	P.A	41	0	3	3	-8	30	0	0	0	0	0	0	0	0	0	0	0	0	0	0	0.0	0	0	0.0	0.07	0.73
Jim Watt	G	SAS	41	0	3	3	0	11	0	1	0	0	0	0	0	0	0	0	0	0	0	0	0.0	0	0	0.0	0.07	0.27
Levi Brotnov	C	P.G	43	0	3	3	-1	17	0	0	0	0	0	0	0	0	0	0	0	0	0	0	0.0	0	0	0.0	0.07	0.4
Dylan Chapman	D	M.J	53	0	3	3	5	66	0	0	0	0	0	0	0	0	0	0	0	0	0	0	0.0	0	0	0.0	0.06	1.25
Justin Pogge	G	CGY	54	0	3	3	0	18	0	1	0	1	0	0	0	0	0	0	0	0	0	0	0.0	0	0	0.0	0.06	0.33
Brayden Nargang	LW	POR	67	0	3	3	-18	10	0	1	0	0	0	0	0	0	0	0	0	0	0	0	0.0	0	0	0.0	0.04	0.15
Ryan Bender	D	KAM	70	0	3	3	-1	152	0	0	0	0	0	0	0	0	0	0	0	0	0	0	0.0	0	0	0.0	0.04	2.17
Kyle Annesley	LW	M.H	10	2	0	2	-2	4	1	0	0	0	2	0	1	0	0	0	2	1	2	1	50.0	0	0	0.0	0.2	0.4
Brennan Sonne	LW	EVT	32	2	0	2	-4	50	0	0	0	0	0	0	0	0	0	0	0	0	0	0	0.0	0	0	0.0	0.06	1.56
Garrett Klotz	LW	RDR	35	2	0	2	-4	26	0	0	0	0	1	0	0	0	0	0	0	0	0	0	0.0	0	0	0.0	0.06	0.74
Luke Egener	D	RDR	55	2	0	2	-8	87	0	0	0	0	0	0	0	0	0	0	0	0	0	0	0.0	0	0	0.0	0.04	1.58
Cody Gross	C	P.A	5	1	1	2	0	0	0	0	0	0	0	0	0	0	0	0	0	0	0	0	0.0	0	0	0.0	0.4	0.0
Cam Lilley	LW	CGY	13	1	1	2	1	10	0	0	0	0	1	0	0	0	1	0	0	0	0	0	0.0	0	0	0.0	0.15	0.77
Josh Schappert	RW	SEA	24	1	1	2	-6	12	0	0	0	0	1	0	0	0	0	1	0	0	0	0	0.0	0	0	0.0	0.08	0.5
Ryan Sawka	C	EVT	44	1	1	2	-9	8	0	0	0	0	1	0	0	0	1	0	0	0	0	0	0.0	0	0	0.0	0.05	0.18
Jordie Fike	D	POR	48	1	1	2	3	70	1	0	0	0	1	0	0	0	0	0	0	0	0	0	0.0	0	0	0.0	0.04	1.46
Ryan Bryce	D	LET	53	1	1	2	-10	120	0	0	0	0	0	0	0	0	0	0	0	0	0	0	0.0	0	0	0.0	0.04	2.26
Chris Van Duynhoven	D	P.G	62	1	1	2	-9	42	0	0	0	0	0	0	0	0	1	0	0	0	0	0	0.0	0	0	0.0	0.03	0.68
Riley Emmerson	D	TRI	66	1	1	2	-4	109	0	0	0	0	1	0	0	0	1	0	0	0	0	0	0.0	0	0	0.0	0.03	1.65
Chad Hohmann	LW	SEA	5	0	2	2	-1	4	0	1	0	0	0	0	0	0	0	0	0	0	0	0	0.0	0	0	0.0	0.4	0.8
Ryan Blatchford	D	KEL	9	0	2	2	-2	0	0	0	0	1	0	0	0	0	0	0	0	0	0	0	0.0	0	0	0.0	0.22	0.0
Matt Sokol	C	M.H	14	0	2	2	0	11	0	0	0	0	0	0	0	0	0	0	0	0	0	0	0.0	0	0	0.0	0.14	0.79
Colten Teubert	D	REG	14	0	2	2	4	16	0	2	0	0	0	0	0	0	0	0	0	0	0	0	0.0	0	0	0.0	0.14	1.14
Kristofer Westblom	G	KEL	27	0	2	2	0	2	0	1	0	0	0	0	0	0	0	0	0	0	0	0	0.0	0	0	0.0	0.07	0.07
Zach Sim	D	EVT	34	0	2	2	-10	28	0	1	0	0	0	0	0	0	0	0	0	0	0	0	0.0	0	0	0.0	0.06	0.82
Kyle Peters	C	TRI	35	0	2	2	-6	8	0	0	0	0	0	0	0	0	0	0	0	0	0	0	0.0	0	0	0.0	0.06	0.23
Rob Roteliuk	RW	KEL	36	0	2	2	-3	60	0	0	0	0	0	0	0	0	0	0	0	0	0	0	0.0	0	0	0.0	0.06	1.67
Keith Aulie	D	BRN	38	0	2	2	-7	32	0	0	0	0	0	0	0	0	0	0	0	0	0	0	0.0	0	0	0.0	0.05	0.84
Anton Khudobin	G	SAS	44	0	2	2	0	22	0	0	0	0	0	0	0	0	0	0	0	0	0	0	0.0	0	0	0.0	0.05	0.5
Kevin Armstrong	G	SPO	49	0	2	2	0	6	0	1	0	0	0	0	0	0	0	0	0	0	0	0	0.0	0	0	0.0	0.04	0.12
Karl Benke	D	S.C	51	0	2	2	4	113	0	0	0	0	0	0	0	0	0	0	0	0	0	0	0.0	0	0	0.0	0.04	2.22
Eric Frere	D	RDR	51	0	2	2	-8	25	0	0	0	0	0	0	0	0	0	0	0	0	0	0	0.0	0	0	0.0	0.04	0.49
Carey Price	G	TRI	55	0	2	2	0	8	0	1	0	0	0	0	0	0	0	0	0	0	0	0	0.0	0	0	0.0	0.04	0.15
Dustin Slade	G	VAN	56	0	2	2	0	36	0	0	0	0	0	0	0	0	0	0	0	0	0	0	0.0	0	0	0.0	0.04	0.64
Myles Stoesz	LW	SPO	56	0	2	2	-13	260	0	0	0	0	0	0	0	0	0	0	0	0	0	0	0.0	0	0	0.0	0.04	4.64
Garrett Robinson	LW	M.J	57	0	2	2	-2	21	0	0	0	0	0	0	0	0	0	0	0	0	0	0	0.0	0	0	0.0	0.04	0.37
Tyler Plante	G	BRN	60	0	2	2	0	16	0	0	0	0	0	0	0	0	0	0	0	0	0	0	0.0	0	0	0.0	0.03	0.27
Mitch Wall	LW	EVT	2	1	0	1	1	2	0	0	0	0	0	0	0	0	0	0	0	0	0	0	0.0	0	0	0.0	0.5	1.0
Brandon Lockerby	C	BRN	3	1	0	1	0	0	0	0	0	0	0	0	0	0	0	1	0	0	0	0	0.0	0	0	0.0	0.33	0.0
Ben Van Lare	LW	P.A	3	1	0	1	1	2	0	0	0	0	1	0	0	0	0	0	0	0	0	0	0.0	0	0	0.0	0.33	0.67
Drew Hoff	C	TRI	4	1	0	1	-1	2	0	0	0	0	0	0	0	0	0	0	0	0	0	0	0.0	0	0	0.0	0.25	0.5
Thomas Frazee	C	POR	9	1	0	1	-4	0	0	0	0	0	0	0	1	0	0	0	0	0	0	0	0.0	0	0	0.0	0.11	0.0
Mark Isherwood	D	M.H	12	1	0	1	-2	6	0	0	0	0	1	0	0	0	0	0	0	0	0	0	0.0	0	0	0.0	0.08	0.5
Grant Toulmin	RW	S.C	17	1	0	1	-6	6	0	0	0	0	1	0	1	0	0	0	0	0	0	0	0.0	0	0	0.0	0.06	0.35
Bretton Cameron	C	M.H	1	0	1	1	1	0	0	0	0	0	0	0	0	0	0	0	0	0	0	0	0.0	0	0	0.0	1.0	0.0
Tyler Halliday	RW	RDR	2	0	1	1	1	2	0	0	0	0	0	0	0	0	0	0	0	0	0	0	0.0	0	0	0.0	0.5	1.0
Tyler Shattock	RW	KAM	2	0	1	1	1	2	0	0	0	0	0	0	0	0	0	0	0	0	0	0	0.0	0	0	0.0	0.5	1.0
Chris Langkow	C	SPO	3	0	1	1	2	0	0	0	0	0	0	0	0	0	0	0	0	0	0	0	0.0	0	0	0.0	0.33	0.0
Cass Mappin	LW	RDR	3	0	1	1	2	0	0	0	0	0	0	0	0	0	0	0	0	0	0	0	0.0	0	0	0.0	0.33	0.0
Matt Tassone	C	S.C	4	0	1	1	0	0	0	0	0	0	0	0	0	0	0	0	0	0	0	0	0.0	0	0	0.0	0.25	0.0
Ryan Costanzo	C	CGY	5	0	1	1	-3	4	0	0	0	0	0	0	0	0	0	0	0	0	0	0	0.0	0	0	0.0	0.2	0.8
Phil Gervais	RW	S.C	5	0	1	1	-2	2	0	0	0	0	0	0	0	0	0	0	0	0	0	0	0.0	0	0	0.0	0.2	0.4
Carl Bjorge	C	P.A	7	0	1	1	-1	4	0	0	0	0	0	0	0	0	0	0	0	0	0	0	0.0	0	0	0.0	0.14	0.57
Tanner Irwin	LW	KAM	7	0	1	1	1	9	0	0	0	0	0	0	0	0	0	0	0	0	0	0	0.0	0	0	0.0	0.14	1.29
Walker Wintoneak	RW	SAS	7	0	1	1	0	2	0	0	0	0	0	0	0	0	0	0	0	0	0	0	0.0	0	0	0.0	0.14	0.29
Blaine Tendler	D	P.A	8	0	1	1	0	2	0	0	0	0	0	0	0	0	0	0	0	0	0	0	0.0	0	0	0.0	0.13	0.25
Tyler Myers	D	KEL	9	0	1	1	3	2	0	0	0	0	0	0	0	0	0	0	0	0	0	0	0.0	0	0	0.0	0.11	0.22
Mike Reddington	D	SPO	9	0	1	1	-1	6	0	1	0	0	0	0	0	0	0	0	0	0	0	0	0.0	0	0	0.0	0.11	0.67
Jock Sutter	D	M.J	9	0	1	1	-2	4	0	0	0	0	0	0	0	0	0	0	0	0	0	0	0.0	0	0	0.0	0.11	0.44
Mike Ullrich	C	LET	9	0	1	1	-1	10	0	1	0	0	0	0	0	0	0	0	0	0	0	0	0.0	0	0	0.0	0.11	1.11
Tyson Sexsmith	G	VAN	11	0	1	1	0	0	0	0	0	0	0	0	0	0	0	0	0	0	0	0	0.0	0	0	0.0	0.09	0.0
Jason Battershill	D	M.H	15	0	1	1	4	9	0	0	0	0	0	0	0	0	0	0	0	0	0	0	0.0	0	0	0.0	0.07	0.6
Luke Shier	G	POR	17	0	1	1	0	7	0	1	0	0	0	0	0	0	0	0	0	0	0	0	0.0	0	0	0.0	0.06	0.41
Garrett Thiessen	D	KAM	17	0	1	1	1	15	0	0	0	0	0	0	0	0	0	0	0	0	0	0	0.0	0	0	0.0	0.06	0.88
Dan Spence	G	CGY	21	0	1	1	0	6	0	1	0	0	0	0	0	0	0	0	0	0	0	0	0.0	0	0	0.0	0.05	0.29
Shayne Brown	D	M.H	26	0	1	1	11	14	0	0	0	0	0	0	0	0	0	0	0	0	0	0	0.0	0	0	0.0	0.04	0.54
Adam Geric	LW	SAS	26	0	1	1	-6	29	0	0	0	0	0	0	0	0	0	0	0	0	0	0	0.0	0	0	0.0	0.04	1.12
Boris Leckovic	RW	EVT	27	0	1	1	-8	51	0	0	0	0	0	0	0	0	0	0	0	0	0	0	0.0	0	0	0.0	0.04	1.89
Matt MacDermott	D	REG	27	0	1	1	-2	12	0	0	0	0	0	0	0	0	0	0	0	0	0	0	0.0	0	0	0.0	0.04	0.44
Josiah Anderson	LW	KEL	30	0	1	1	-2	73	0	0	0	0	0	0	0	0	0	0	0	0	0	0	0.0	0	0	0.0	0.03	2.43
Andrew Leslie	G	M.J	35	0	1	1	0	0	0	0	0	1	0	0	0	0	0	0	0	0	0	0	0.0	0	0	0.0	0.03	0.0
Alex Archibald	G	P.A	39	0	1	1	0	9	0	1	0	0	0	0	0	0	0	0	0	0	0	0	0.0	0	0	0.0	0.03	0.23
Josh Lepp	G	RDR	42	0	1	1	0	8	0	1	0	0	0	0	0	0	0	0	0	0	0	0	0.0	0	0	0.0	0.02	0.19
Bryan Bridges	G	SEA	43	0	1	1	0	10	0	0	0	0	0	0	0	0	0	0	0	0	0	0	0.0	0	0	0.0	0.02	0.23
Mike McDonald	D	P.A	43	0	1	1	-16	47	0	1	0	0	0	0	0	0	0	0	0	0	0	0	0.0	0	0	0.0	0.02	1.09
Jesse Deckert	G	P.A	44	0	1	1	0	6	0	0	0	1	0	0	0	0	0	0	0	0	0	0	0.0	0	0	0.0	0.02	0.14
Luke Wiens	RW	KTN	46	0	1	1	-1	88	0	0	0	0	0	0	0	0	0	0	0	0	0	0	0.0	0	0	0.0	0.02	1.91
Taylor Dakers	G	KTN	47	0	1	1	0	8	0	0	0	0	0	0	0	0	0	0	0	0	0	0	0.0	0	0	0.0	0.02	0.17
Derek Yeomans	G	KEL	50	0	1	1	0	6	0	1	0	0	0	0	0	0	0	0	0	0	0	0	0.0	0	0	0.0	0.02	0.12
Devan Dubnyk	G	KAM	54	0	1	1	0	35	0	0	0	0	0	0	0	0	0	0	0	0	0	0	0.0	0	0	0.0	0.02	0.65
David Reekie	G	REG	55	0	1	1	0	19	0	1	0	0	0	0	0	0	0	0	0	0	0	0	0.0	0	0	0.0	0.02	0.35
Elias Grossmann	D	SEA	63	0	1	1	-1	89	0	0	0	0	0	0	0	0	0	0	0	0	0	0	0.0	0	0	0.0	0.02	1.41
Kyle Moir	G	S.C	65	0	1	1	0	4	0	1	0	0	0	0	0	0	0	0	0	0	0	0	0.0	0	0	0.0	0.02	0.06
Ian Barteaux	D	KTN	1	0	0	0	0	0	0	0	0	0	0	0	0	0	0	0	0	0	0	0	0.0	0	0	0.0	0.0	0.0
Travis Bobbee	D	LET	1	0	0	0	-1	0	0	0	0	0	0	0	0	0	0	0	0	0	0	0	0.0	0	0	0.0	0.0	0.0
Brenden Dowd	LW	KAM	1	0	0	0	0	0	0	0	0	0	0	0	0	0	0	0	0	0	0	0	0.0	0	0	0.0	0.0	0.0
Karsten Felske	G	P.A	1	0	0	0	0	0	0	0	0	0	0	0	0	0	0	0	0	0	0	0	0.0	0	0	0.0	0.0	0.0
Josh Gionfriddo	LW	RDR	1	0	0	0	0	0	0	0	0	0	0	0	0	0	0	0	0	0	0	0	0.0	0	0	0.0	0.0	0.0
Jason Grecica	C	M.J	1	0	0	0	1	0	0	0	0	0	0	0	0	0	0	0	0	0	0	0	0.0	0	0	0.0	0.0	0.0
Nathan Heinen	G	REG	1	0	0	0	0	0	0	0	0	0	0	0	0	0	0	0	0	0	0	0	0.0	0	0	0.0	0.0	0.0
Jordan Hickmott	C	M.H	1	0	0	0	0	0	0	0	0	0	0	0	0	0	0	0	0	0	0	0	0.0	0	0	0.0	0.0	0.0
Braden Holtby	G	SAS	1	0	0	0	0	0	0	0	0	0	0	0	0	0	0	0	0	0	0	0	0.0	0	0	0.0	0.0	0.0
Derek Hulak	LW	REG	1	0	0	0	-2	0	0	0	0	0	0	0	0	0	0	0	0	0	0	0	0.0	0	0	0.0	0.0	0.0
Jordy Johnson	D	TRI	1	0	0	0	-1	0	0	0	0	0	0	0	0	0	0	0	0	0	0	0	0.0	0	0	0.0	0.0	0.0
Dillon Johnstone	RW	TRI	1	0	0	0	-1	0	0	0	0	0	0	0	0	0	0	0	0	0	0	0	0.0	0	0	0.0	0.0	0.0
Morgan MacLean	RW	BRN	1	0	0	0	0	0	0	0	0	0	0	0	0	0	0	0	0	0	0	0	0.0	0	0	0.0	0.0	0.0
Preston Mosewich	LW	REG	1	0	0	0	0	0	0	0	0	0	0	0	0	0	0	0	0	0	0	0	0.0	0	0	0.0	0.0	0.0
Devon Murtagh	G	KEL	1	0	0	0	0	0	0	0	0	0	0	0	0	0	0	0	0	0	0	0	0.0	0	0	0.0	0.0	0.0
Neal Prokop	C	M.J	1	0	0	0	0	0	0	0	0	0	0	0	0	0	0	0	0	0	0	0	0.0	0	0	0.0	0.0	0.0
Brent Regner	D	VAN	1	0	0	0	0	0	0	0	0	0	0	0	0	0	0	0	0	0	0	0	0.0	0	0	0.0	0.0	0.0
Keldon Sanderson	D	LET	1	0	0	0	0	0	0	0	0	0	0	0	0	0	0	0	0	0	0	0	0.0	0	0	0.0	0.0	0.0
Matt Strong	D	EVT	1	0	0	0	-2	0	0	0	0	0	0	0	0	0	0	0	0	0	0	0	0.0	0	0	0.0	0.0	0.0
Travis Toomey	C	SAS	1	0	0	0	0	0	0	0	0	0	0	0	0	0	0	0	0	0	0	0	0.0	0	0	0.0	0.0	0.0
Kurt Torbohm	D	KAM	1	0	0	0	0	0	0	0	0	0	0	0	0	0	0	0	0	0	0	0	0.0	0	0	0.0	0.0	0.0
Nolan Waker	C	P.A	1	0	0	0	0	2	0	0	0	0	0	0	0	0	0	0	0	0	0	0	0.0	0	0	0.0	0.0	2.0
Joel Woznikoski	D	KAM	1	0	0	0	0	0	0	0	0	0	0	0	0	0	0	0	0	0	0	0	0.0	0	0	0.0	0.0	0.0
Teigan Zahn	D	SAS	1	0	0	0	0	2	0	0	0	0	0	0	0	0	0	0	0	0	0	0	0.0	0	0	0.0	0.0	2.0
David Aime	G	P.A	2	0	0	0	0	0	0	0	0	0	0	0	0	0	0	0	0	0	0	0	0.0	0	0	0.0	0.0	0.0
Sterling Bear	RW	LET	2	0	0	0	0	0	0	0	0	0	0	0	0	0	0	0	0	0	0	0	0.0	0	0	0.0	0.0	0.0
Jesse Craige	D	LET	2	0	0	0	-1	0	0	0	0	0	0	0	0	0	0	0	0	0	0	0	0.0	0	0	0.0	0.0	0.0
Daniel Iwanski	C	LET	2	0	0	0	-1	0	0	0	0	0	0	0	0	0	0	0	0	0	0	0	0.0	0	0	0.0	0.0	0.0
Kurt Kramer	G	KAM	2	0	0	0	0	0	0	0	0	0	0	0	0	0	0	0	0	0	0	0	0.0	0	0	0.0	0.0	0.0
Bryce Lamb	C	P.A	2	0	0	0	-1	0	0	0	0	0	0	0	0	0	0	0	0	0	0	0	0.0	0	0	0.0	0.0	0.0
Derek Lewis	D	EVT	2	0	0	0	-2	0	0	0	0	0	0	0	0	0	0	0	0	0	0	0	0.0	0	0	0.0	0.0	0.0
Carson McPherson	D	LET	2	0	0	0	0	4	0	0	0	0	0	0	0	0	0	0	0	0	0	0	0.0	0	0	0.0	0.0	2.0
Ryan Molle	D	VAN	2	0	0	0	0	0	0	0	0	0	0	0	0	0	0	0	0	0	0	0	0.0	0	0	0.0	0.0	0.0
Shawn Nepinak	LW	LET	2	0	0	0	-2	0	0	0	0	0	0	0	0	0	0	0	0	0	0	0	0.0	0	0	0.0	0.0	0.0
Mandeep Nijjar	D	KEL	2	0	0	0	0	2	0	0	0	0	0	0	0	0	0	0	0	0	0	0	0.0	0	0	0.0	0.0	1.0
Nick Olynyk	G	TRI	2	0	0	0	0	0	0	0	0	0	0	0	0	0	0	0	0	0	0	0	0.0	0	0	0.0	0.0	0.0
Tyler Pugh	G	KTN	2	0	0	0	0	0	0	0	0	0	0	0	0	0	0	0	0	0	0	0	0.0	0	0	0.0	0.0	0.0
Alex Rodgers	LW	KAM	2	0	0	0	0	0	0	0	0	0	0	0	0	0	0	0	0	0	0	0	0.0	0	0	0.0	0.0	0.0
Ryan Stanton	D	M.J	2	0	0	0	0	2	0	0	0	0	0	0	0	0	0	0	0	0	0	0	0.0	0	0	0.0	0.0	1.0
Zak Stebner	D	RDR	2	0	0	0	-1	0	0	0	0	0	0	0	0	0	0	0	0	0	0	0	0.0	0	0	0.0	0.0	0.0
Taylor Sutherlin	D	SPO	2	0	0	0	1	2	0	0	0	0	0	0	0	0	0	0	0	0	0	0	0.0	0	0	0.0	0.0	1.0
Brian Sydiaha	D	P.A	2	0	0	0	-1	0	0	0	0	0	0	0	0	0	0	0	0	0	0	0	0.0	0	0	0.0	0.0	0.0
Gary Sylvester	RW	KEL	2	0	0	0	0	11	0	0	0	0	0	0	0	0	0	0	0	0	0	0	0.0	0	0	0.0	0.0	5.5
Mitch Wahl	C	SPO	2	0	0	0	-1	0	0	0	0	0	0	0	0	0	0	0	0	0	0	0	0.0	0	0	0.0	0.0	0.0
James Wright	C	VAN	2	0	0	0	0	2	0	0	0	0	0	0	0	0	0	0	0	0	0	0	0.0	0	0	0.0	0.0	1.0
Darryl Yacboski	D	CGY	2	0	0	0	0	9	0	0	0	0	0	0	0	0	0	0	0	0	0	0	0.0	0	0	0.0	0.0	4.5
Mike Alexander	D	EVT	3	0	0	0	0	2	0	0	0	0	0	0	0	0	0	0	0	0	0	0	0.0	0	0	0.0	0.0	0.67
Brad Bakken	D	SEA	3	0	0	0	0	0	0	0	0	0	0	0	0	0	0	0	0	0	0	0	0.0	0	0	0.0	0.0	0.0
Scott Bolland	G	LET	3	0	0	0	0	0	0	0	0	0	0	0	0	0	0	0	0	0	0	0	0.0	0	0	0.0	0.0	0.0
Nathan Deck	D	VAN	3	0	0	0	0	2	0	0	0	0	0	0	0	0	0	0	0	0	0	0	0.0	0	0	0.0	0.0	0.67
Matt Delahey	D	REG	3	0	0	0	0	2	0	0	0	0	0	0	0	0	0	0	0	0	0	0	0.0	0	0	0.0	0.0	0.67
Cody Hanson	RW	SEA	3	0	0	0	-3	0	0	0	0	0	0	0	0	0	0	0	0	0	0	0	0.0	0	0	0.0	0.0	0.0
Matthew Ius	RW	EVT	3	0	0	0	-1	2	0	0	0	0	0	0	0	0	0	0	0	0	0	0	0.0	0	0	0.0	0.0	0.67
Scott Jackson	RW	LET	3	0	0	0	1	2	0	0	0	0	0	0	0	0	0	0	0	0	0	0	0.0	0	0	0.0	0.0	0.67
Daniel Lepp	RW	P.A	3	0	0	0	-2	0	0	0	0	0	0	0	0	0	0	0	0	0	0	0	0.0	0	0	0.0	0.0	0.0
Matt Lowry	C	M.H	3	0	0	0	1	5	0	0	0	0	0	0	0	0	0	0	0	0	0	0	0.0	0	0	0.0	0.0	1.67
Bo Montgomery	D	LET	3	0	0	0	-1	0	0	0	0	0	0	0	0	0	0	0	0	0	0	0	0.0	0	0	0.0	0.0	0.0
Colin Scherger	D	SEA	3	0	0	0	1	2	0	0	0	0	0	0	0	0	0	0	0	0	0	0	0.0	0	0	0.0	0.0	0.67
Tanner Stockwell	D	TRI	3	0	0	0	-3	6	0	0	0	0	0	0	0	0	0	0	0	0	0	0	0.0	0	0	0.0	0.0	2.0
Blake Barkwell	LW	M.J	4	0	0	0	0	2	0	0	0	0	0	0	0	0	0	0	0	0	0	0	0.0	0	0	0.0	0.0	0.5
Adam Chorneyko	LW	KAM	4	0	0	0	0	2	0	0	0	0	0	0	0	0	0	0	0	0	0	0	0.0	0	0	0.0	0.0	0.5
Troy Crowley	LW	SAS	4	0	0	0	0	0	0	0	0	0	0	0	0	0	0	0	0	0	0	0	0.0	0	0	0.0	0.0	0.0
Jacob De Serres	G	SEA	4	0	0	0	0	0	0	0	0	0	0	0	0	0	0	0	0	0	0	0	0.0	0	0	0.0	0.0	0.0
Shane Malone	D	P.A	4	0	0	0	0	2	0	0	0	0	0	0	0	0	0	0	0	0	0	0	0.0	0	0	0.0	0.0	0.5
Brayden Metz	C	REG	4	0	0	0	-2	2	0	0	0	0	0	0	0	0	0	0	0	0	0	0	0.0	0	0	0.0	0.0	0.5
Andrew Pinsent	G	SEA	4	0	0	0	0	0	0	0	0	0	0	0	0	0	0	0	0	0	0	0	0.0	0	0	0.0	0.0	0.0
Jordan Wilkins	D	KTN	4	0	0	0	0	0	0	0	0	0	0	0	0	0	0	0	0	0	0	0	0.0	0	0	0.0	0.0	0.0
Luke Betts	LW	RDR	5	0	0	0	-3	0	0	0	0	0	0	0	0	0	0	0	0	0	0	0	0.0	0	0	0.0	0.0	0.0
Marc Defoe	D	S.C	5	0	0	0	0	9	0	0	0	0	0	0	0	0	0	0	0	0	0	0	0.0	0	0	0.0	0.0	1.8
Spencer Fraipont	D	REG	5	0	0	0	-4	0	0	0	0	0	0	0	0	0	0	0	0	0	0	0	0.0	0	0	0.0	0.0	0.0
Andy Schenn	D	REG	5	0	0	0	-1	20	0	0	0	0	0	0	0	0	0	0	0	0	0	0	0.0	0	0	0.0	0.0	4.0
Graham Telford	RW	S.C	5	0	0	0	0	5	0	0	0	0	0	0	0	0	0	0	0	0	0	0	0.0	0	0	0.0	0.0	1.0
Cody Vann	D	P.A	5	0	0	0	3	0	0	0	0	0	0	0	0	0	0	0	0	0	0	0	0.0	0	0	0.0	0.0	0.0
Scott Brownlee	LW	REG	6	0	0	0	0	18	0	0	0	0	0	0	0	0	0	0	0	0	0	0	0.0	0	0	0.0	0.0	3.0
Kyle Ermel	C	REG	6	0	0	0	0	2	0	0	0	0	0	0	0	0	0	0	0	0	0	0	0.0	0	0	0.0	0.0	0.33
Kyle Klym	LW	RDR	6	0	0	0	-1	9	0	0	0	0	0	0	0	0	0	0	0	0	0	0	0.0	0	0	0.0	0.0	1.5
Brant Hilton	G	S.C	8	0	0	0	0	0	0	0	0	0	0	0	0	0	0	0	0	0	0	0	0.0	0	0	0.0	0.0	0.0
Jamison Orr	LW	P.G	10	0	0	0	-3	20	0	0	0	0	0	0	0	0	0	0	0	0	0	0	0.0	0	0	0.0	0.0	2.0
Tommy Tartaglione	G	VAN	10	0	0	0	0	6	0	0	0	0	0	0	0	0	0	0	0	0	0	0	0.0	0	0	0.0	0.0	0.6
Justin Mazurek	D	POR	11	0	0	0	1	21	0	0	0	0	0	0	0	0	0	0	0	0	0	0	0.0	0	0	0.0	0.0	1.91
Josh Bray	C	RDR	12	0	0	0	0	6	0	0	0	0	0	0	0	0	0	0	0	0	0	0	0.0	0	0	0.0	0.0	0.5
Rod Lavoie	C	P.A	12	0	0	0	-6	8	0	0	0	0	0	0	0	0	0	0	0	0	0	0	0.0	0	0	0.0	0.0	0.67
Travis Yonkman	G	S.C	12	0	0	0	0	0	0	0	0	0	0	0	0	0	0	0	0	0	0	0	0.0	0	0	0.0	0.0	0.0
Jordie Deagle	LW	M.H	14	0	0	0	1	2	0	0	0	0	0	0	0	0	0	0	0	0	0	0	0.0	0	0	0.0	0.0	0.14
Blaine Neufeld	G	M.H	14	0	0	0	0	2	0	0	0	0	0	0	0	0	0	0	0	0	0	0	0.0	0	0	0.0	0.0	0.14
Matt Esposito	G	EVT	17	0	0	0	0	0	0	0	0	0	0	0	0	0	0	0	0	0	0	0	0.0	0	0	0.0	0.0	0.0
Michael Maniago	G	KAM	23	0	0	0	0	4	0	0	0	0	0	0	0	0	0	0	0	0	0	0	0.0	0	0	0.0	0.0	0.17
Jonathan Milhouse	C	EVT	26	0	0	0	-1	4	0	0	0	0	0	0	0	0	0	0	0	0	0	0	0.0	0	0	0.0	0.0	0.15
Chet Pickard	G	TRI	27	0	0	0	0	8	0	0	0	0	0	0	0	0	0	0	0	0	0	0	0.0	0	0	0.0	0.0	0.3
Linden Rowat	G	REG	27	0	0	0	0	0	0	0	0	0	0	0	0	0	0	0	0	0	0	0	0.0	0	0	0.0	0.0	0.0
Real Cyr	G	P.G	31	0	0	0	0	0	0	0	0	0	0	0	0	0	0	0	0	0	0	0	0.0	0	0	0.0	0.0	0.0
Kris Lazaruk	G	KTN	31	0	0	0	0	2	0	0	0	0	0	0	0	0	0	0	0	0	0	0	0.0	0	0	0.0	0.0	0.06
Gavin McHale	G	LET	31	0	0	0	0	5	0	0	0	0	0	0	0	0	0	0	0	0	0	0	0.0	0	0	0.0	0.0	0.16
Dustin Butler	G	POR	33	0	0	0	0	0	0	0	0	0	0	0	0	0	0	0	0	0	0	0	0.0	0	0	0.0	0.0	0.0
Thomas Stehr	G	SPO	33	0	0	0	0	8	0	0	0	0	0	0	0	0	0	0	0	0	0	0	0.0	0	0	0.0	0.0	0.24
Justin Leclerc	G	LET	34	0	0	0	0	2	0	0	0	0	0	0	0	0	0	0	0	0	0	0	0.0	0	0	0.0	0.0	0.06
Donnie Glennie	C	TRI	35	0	0	0	-11	39	0	0	0	0	0	0	0	0	0	0	0	0	0	0	0.0	0	0	0.0	0.0	1.11
Kurtis Mucha	G	POR	35	0	0	0	0	0	0	0	0	0	0	0	0	0	0	0	0	0	0	0	0.0	0	0	0.0	0.0	0.0
James Reimer	G	RDR	35	0	0	0	0	2	0	0	0	0	0	0	0	0	0	0	0	0	0	0	0.0	0	0	0.0	0.0	0.06
Paul MacDonald	D	KTN	45	0	0	0	-1	28	0	0	0	0	0	0	0	0	0	0	0	0	0	0	0.0	0	0	0.0	0.0	0.62
Kevin Opsahl	G	SEA	48	0	0	0	0	4	0	0	0	0	0	0	0	0	0	0	0	0	0	0	0.0	0	0	0.0	0.0	0.08
Scott Bowles	G	P.G	50	0	0	0	0	0	0	0	0	0	0	0	0	0	0	0	0	0	0	0	0.0	0	0	0.0	0.0	0.0
Joey Perricone	G	M.J	52	0	0	0	0	4	0	0	0	0	0	0	0	0	0	0	0	0	0	0	0.0	0	0	0.0	0.0	0.08
Leland Irving	G	EVT	67	0	0	0	0	2	0	0	0	0	0	0	0	0	0	0	0	0	0	0	0.0	0	0	0.0	0.0	0.03
Justin Bernhardt	C	REG	61	22	23	45	-5	75	7	9	0	0	10	0	3	0	2	3	0	0	0	0	0.0	0	0	0.0	0.74	1.23
Michael MacAngus	LW	SAS	55	5	10	15	-3	30	0	1	1	0	2	0	0	0	2	0	0	0	0	0	0.0	0	0	0.0	0.27	0.55
Landon Jones	D	TRI	71	1	8	9	3	151	1	0	0	1	0	0	0	0	1	0	0	0	0	0	0.0	0	0	0.0	0.13	2.13
Ryan McDonald	C	REG	39	5	3	8	-11	34	1	1	0	0	0	0	1	0	0	2	1	0	1	0	0.0	0	0	0.0	0.21	0.87
Blair Stengler	LW	P.G	27	3	3	6	0	46	0	0	1	2	3	0	2	1	1	0	0	0	0	0	0.0	0	0	0.0	0.22	1.7
Daniel Waschuk	LW	SAS	11	2	2	4	1	12	1	0	0	0	2	0	0	0	1	0	0	0	0	0	0.0	0	0	0.0	0.36	1.09
Brett Parker	C	VAN	5	1	1	2	3	8	0	0	0	0	0	0	0	0	0	0	0	0	0	0	0.0	0	0	0.0	0.4	1.6
Dustin Cameron	LW	SAS	16	0	2	2	-3	8	0	0	0	0	0	0	0	0	0	0	0	0	0	0	0.0	0	0	0.0	0.13	0.5
Brady Leavold	RW	S.C	7	1	0	1	-3	16	0	0	0	0	1	0	0	0	0	1	0	0	0	0	0.0	0	0	0.0	0.14	2.29
Luke Hewitt	LW	BRN	13	1	0	1	-8	67	0	0	0	0	1	0	0	0	0	0	0	0	0	0	0.0	0	0	0.0	0.08	5.15
Geordie Wudrick	LW	S.C	14	0	1	1	-3	4	0	0	0	0	0	0	0	0	0	0	0	0	0	0	0.0	0	0	0.0	0.07	0.29
Russel Monette	G	SAS	1	0	0	0	0	0	0	0	0	0	0	0	0	0	0	0	0	0	0	0	0.0	0	0	0.0	0.0	0.0
Ryan Smith	D	M.H	1	0	0	0	3	0	0	0	0	0	0	0	0	0	0	0	0	0	0	0	0.0	0	0	0.0	0.0	0.0
Alex Alexandrov	C	P.G	2	0	0	0	0	0	0	0	0	0	0	0	0	0	0	0	0	0	0	0	0.0	0	0	0.0	0.0	0.0
Carter Bancks	D	LET	2	0	0	0	-1	0	0	0	0	0	0	0	0	0	0	0	0	0	0	0	0.0	0	0	0.0	0.0	0.0
Matthew Belich	RW	P.G	2	0	0	0	0	0	0	0	0	0	0	0	0	0	0	0	0	0	0	0	0.0	0	0	0.0	0.0	0.0
Jovan Matic	C	VAN	2	0	0	0	0	4	0	0	0	0	0	0	0	0	0	0	0	0	0	0	0.0	0	0	0.0	0.0	2.0
Jordan Rowley	D	KAM	2	0	0	0	-4	0	0	0	0	0	0	0	0	0	0	0	0	0	0	0	0.0	0	0	0.0	0.0	0.0
Dale Hunt	D	P.G	3	0	0	0	-1	0	0	0	0	0	0	0	0	0	0	0	0	0	0	0	0.0	0	0	0.0	0.0	0.0
Mike Nichol	G	BRN	3	0	0	0	0	0	0	0	0	0	0	0	0	0	0	0	0	0	0	0	0.0	0	0	0.0	0.0	0.0
Mitch McColm	D	LET	5	0	0	0	1	0	0	0	0	0	0	0	0	0	0	0	0	0	0	0	0.0	0	0	0.0	0.0	0.0
Shawn Mezei	D	LET	7	0	0	0	-3	16	0	0	0	0	0	0	0	0	0	0	0	0	0	0	0.0	0	0	0.0	0.0	2.29
Kurt Jory	G	BRN	18	0	0	0	0	0	0	0	0	0	0	0	0	0	0	0	0	0	0	0	0.0	0	0	0.0	0.0	0.0
